CS ID,Ve0,Ve0-Vo0,dx0,Vy
LS-THC-G1-2-E1-10-00B-3030-00000001,60,40,0,0.1
LS-THC-G1-2-E1-10-00B-3030-00000002,60,40,1,0.1
LS-THC-G1-2-E1-10-00B-3030-00000003,60,40,2,0.1
LS-THC-G1-2-E1-10-00B-3030-00000004,60,40,3,0.1
LS-THC-G1-2-E1-10-00B-3030-00000005,60,40,4,0.1
LS-THC-G1-2-E1-10-00B-3030-00000006,60,40,5,0.1
LS-THC-G1-2-E1-10-00B-3030-00000007,60,40,6,0.1
LS-THC-G1-2-E1-10-00B-3030-00000008,60,40,7,0.1
LS-THC-G1-2-E1-10-00B-3030-00000009,60,40,8,0.1
LS-THC-G1-2-E1-10-00B-3030-00000010,60,40,9,0.1
LS-THC-G1-2-E1-10-00B-3030-00000011,60,40,10,0.1
LS-THC-G1-2-E1-10-00B-3030-00000012,60,40,11,0.1
LS-THC-G1-2-E1-10-00B-3030-00000013,60,40,12,0.1
LS-THC-G1-2-E1-10-00B-3030-00000014,60,40,13,0.1
LS-THC-G1-2-E1-10-00B-3030-00000015,60,40,14,0.1
LS-THC-G1-2-E1-10-00B-3030-00000016,60,40,15,0.1
LS-THC-G1-2-E1-10-00B-3030-00000017,60,40,16,0.1
LS-THC-G1-2-E1-10-00B-3030-00000018,60,40,17,0.1
LS-THC-G1-2-E1-10-00B-3030-00000019,60,40,18,0.1
LS-THC-G1-2-E1-10-00B-3030-00000020,60,40,19,0.1
LS-THC-G1-2-E1-10-00B-3030-00000021,60,40,20,0.1
LS-THC-G1-2-E1-10-00B-3030-00000022,60,40,21,0.1
LS-THC-G1-2-E1-10-00B-3030-00000023,60,40,22,0.1
LS-THC-G1-2-E1-10-00B-3030-00000024,60,40,23,0.1
LS-THC-G1-2-E1-10-00B-3030-00000025,60,40,24,0.1
LS-THC-G1-2-E1-10-00B-3030-00000026,60,40,25,0.1
LS-THC-G1-2-E1-10-00B-3030-00000027,60,40,26,0.1
LS-THC-G1-2-E1-10-00B-3030-00000028,60,40,27,0.1
LS-THC-G1-2-E1-10-00B-3030-00000029,60,40,28,0.1
LS-THC-G1-2-E1-10-00B-3030-00000030,60,40,29,0.1
LS-THC-G1-2-E1-10-00B-3030-00000031,60,40,30,0.1
LS-THC-G1-2-E1-10-00B-3030-00000032,60,40,31,0.1
LS-THC-G1-2-E1-10-00B-3030-00000033,60,40,32,0.1
LS-THC-G1-2-E1-10-00B-3030-00000034,60,40,33,0.1
LS-THC-G1-2-E1-10-00B-3030-00000035,60,40,34,0.1
LS-THC-G1-2-E1-10-00B-3030-00000036,60,40,35,0.1
LS-THC-G1-2-E1-10-00B-3030-00000037,60,40,36,0.1
LS-THC-G1-2-E1-10-00B-3030-00000038,60,40,37,0.1
LS-THC-G1-2-E1-10-00B-3030-00000039,60,40,38,0.1
LS-THC-G1-2-E1-10-00B-3030-00000040,60,40,39,0.1
LS-THC-G1-2-E1-10-00B-3030-00000041,60,40,40,0.1
LS-THC-G1-2-E1-10-00B-3030-00000042,60,40,41,0.1
LS-THC-G1-2-E1-10-00B-3030-00000043,60,40,42,0.1
LS-THC-G1-2-E1-10-00B-3030-00000044,60,40,43,0.1
LS-THC-G1-2-E1-10-00B-3030-00000045,60,40,44,0.1
LS-THC-G1-2-E1-10-00B-3030-00000046,60,40,45,0.1
LS-THC-G1-2-E1-10-00B-3030-00000047,60,40,46,0.1
LS-THC-G1-2-E1-10-00B-3030-00000048,60,40,47,0.1
LS-THC-G1-2-E1-10-00B-3030-00000049,60,40,48,0.1
LS-THC-G1-2-E1-10-00B-3030-00000050,60,40,49,0.1
LS-THC-G1-2-E1-10-00B-3030-00000051,60,40,50,0.1
LS-THC-G1-2-E1-10-00B-3030-00000052,60,40,51,0.1
LS-THC-G1-2-E1-10-00B-3030-00000053,60,40,52,0.1
LS-THC-G1-2-E1-10-00B-3030-00000054,60,40,53,0.1
LS-THC-G1-2-E1-10-00B-3030-00000055,60,40,54,0.1
LS-THC-G1-2-E1-10-00B-3030-00000056,60,40,55,0.1
LS-THC-G1-2-E1-10-00B-3030-00000057,60,40,56,0.1
LS-THC-G1-2-E1-10-00B-3030-00000058,60,40,57,0.1
LS-THC-G1-2-E1-10-00B-3030-00000059,60,40,58,0.1
LS-THC-G1-2-E1-10-00B-3030-00000060,60,40,59,0.1
LS-THC-G1-2-E1-10-00B-3030-00000061,60,40,60,0.1
LS-THC-G1-2-E1-10-00B-3030-00000062,60,40,0,0.2
LS-THC-G1-2-E1-10-00B-3030-00000063,60,40,1,0.2
LS-THC-G1-2-E1-10-00B-3030-00000064,60,40,2,0.2
LS-THC-G1-2-E1-10-00B-3030-00000065,60,40,3,0.2
LS-THC-G1-2-E1-10-00B-3030-00000066,60,40,4,0.2
LS-THC-G1-2-E1-10-00B-3030-00000067,60,40,5,0.2
LS-THC-G1-2-E1-10-00B-3030-00000068,60,40,6,0.2
LS-THC-G1-2-E1-10-00B-3030-00000069,60,40,7,0.2
LS-THC-G1-2-E1-10-00B-3030-00000070,60,40,8,0.2
LS-THC-G1-2-E1-10-00B-3030-00000071,60,40,9,0.2
LS-THC-G1-2-E1-10-00B-3030-00000072,60,40,10,0.2
LS-THC-G1-2-E1-10-00B-3030-00000073,60,40,11,0.2
LS-THC-G1-2-E1-10-00B-3030-00000074,60,40,12,0.2
LS-THC-G1-2-E1-10-00B-3030-00000075,60,40,13,0.2
LS-THC-G1-2-E1-10-00B-3030-00000076,60,40,14,0.2
LS-THC-G1-2-E1-10-00B-3030-00000077,60,40,15,0.2
LS-THC-G1-2-E1-10-00B-3030-00000078,60,40,16,0.2
LS-THC-G1-2-E1-10-00B-3030-00000079,60,40,17,0.2
LS-THC-G1-2-E1-10-00B-3030-00000080,60,40,18,0.2
LS-THC-G1-2-E1-10-00B-3030-00000081,60,40,19,0.2
LS-THC-G1-2-E1-10-00B-3030-00000082,60,40,20,0.2
LS-THC-G1-2-E1-10-00B-3030-00000083,60,40,21,0.2
LS-THC-G1-2-E1-10-00B-3030-00000084,60,40,22,0.2
LS-THC-G1-2-E1-10-00B-3030-00000085,60,40,23,0.2
LS-THC-G1-2-E1-10-00B-3030-00000086,60,40,24,0.2
LS-THC-G1-2-E1-10-00B-3030-00000087,60,40,25,0.2
LS-THC-G1-2-E1-10-00B-3030-00000088,60,40,26,0.2
LS-THC-G1-2-E1-10-00B-3030-00000089,60,40,27,0.2
LS-THC-G1-2-E1-10-00B-3030-00000090,60,40,28,0.2
LS-THC-G1-2-E1-10-00B-3030-00000091,60,40,29,0.2
LS-THC-G1-2-E1-10-00B-3030-00000092,60,40,30,0.2
LS-THC-G1-2-E1-10-00B-3030-00000093,60,40,31,0.2
LS-THC-G1-2-E1-10-00B-3030-00000094,60,40,32,0.2
LS-THC-G1-2-E1-10-00B-3030-00000095,60,40,33,0.2
LS-THC-G1-2-E1-10-00B-3030-00000096,60,40,34,0.2
LS-THC-G1-2-E1-10-00B-3030-00000097,60,40,35,0.2
LS-THC-G1-2-E1-10-00B-3030-00000098,60,40,36,0.2
LS-THC-G1-2-E1-10-00B-3030-00000099,60,40,37,0.2
LS-THC-G1-2-E1-10-00B-3030-00000100,60,40,38,0.2
LS-THC-G1-2-E1-10-00B-3030-00000101,60,40,39,0.2
LS-THC-G1-2-E1-10-00B-3030-00000102,60,40,40,0.2
LS-THC-G1-2-E1-10-00B-3030-00000103,60,40,41,0.2
LS-THC-G1-2-E1-10-00B-3030-00000104,60,40,42,0.2
LS-THC-G1-2-E1-10-00B-3030-00000105,60,40,43,0.2
LS-THC-G1-2-E1-10-00B-3030-00000106,60,40,44,0.2
LS-THC-G1-2-E1-10-00B-3030-00000107,60,40,45,0.2
LS-THC-G1-2-E1-10-00B-3030-00000108,60,40,46,0.2
LS-THC-G1-2-E1-10-00B-3030-00000109,60,40,47,0.2
LS-THC-G1-2-E1-10-00B-3030-00000110,60,40,48,0.2
LS-THC-G1-2-E1-10-00B-3030-00000111,60,40,49,0.2
LS-THC-G1-2-E1-10-00B-3030-00000112,60,40,50,0.2
LS-THC-G1-2-E1-10-00B-3030-00000113,60,40,51,0.2
LS-THC-G1-2-E1-10-00B-3030-00000114,60,40,52,0.2
LS-THC-G1-2-E1-10-00B-3030-00000115,60,40,53,0.2
LS-THC-G1-2-E1-10-00B-3030-00000116,60,40,54,0.2
LS-THC-G1-2-E1-10-00B-3030-00000117,60,40,55,0.2
LS-THC-G1-2-E1-10-00B-3030-00000118,60,40,56,0.2
LS-THC-G1-2-E1-10-00B-3030-00000119,60,40,57,0.2
LS-THC-G1-2-E1-10-00B-3030-00000120,60,40,58,0.2
LS-THC-G1-2-E1-10-00B-3030-00000121,60,40,59,0.2
LS-THC-G1-2-E1-10-00B-3030-00000122,60,40,60,0.2
LS-THC-G1-2-E1-10-00B-3030-00000123,60,40,0,0.3
LS-THC-G1-2-E1-10-00B-3030-00000124,60,40,1,0.3
LS-THC-G1-2-E1-10-00B-3030-00000125,60,40,2,0.3
LS-THC-G1-2-E1-10-00B-3030-00000126,60,40,3,0.3
LS-THC-G1-2-E1-10-00B-3030-00000127,60,40,4,0.3
LS-THC-G1-2-E1-10-00B-3030-00000128,60,40,5,0.3
LS-THC-G1-2-E1-10-00B-3030-00000129,60,40,6,0.3
LS-THC-G1-2-E1-10-00B-3030-00000130,60,40,7,0.3
LS-THC-G1-2-E1-10-00B-3030-00000131,60,40,8,0.3
LS-THC-G1-2-E1-10-00B-3030-00000132,60,40,9,0.3
LS-THC-G1-2-E1-10-00B-3030-00000133,60,40,10,0.3
LS-THC-G1-2-E1-10-00B-3030-00000134,60,40,11,0.3
LS-THC-G1-2-E1-10-00B-3030-00000135,60,40,12,0.3
LS-THC-G1-2-E1-10-00B-3030-00000136,60,40,13,0.3
LS-THC-G1-2-E1-10-00B-3030-00000137,60,40,14,0.3
LS-THC-G1-2-E1-10-00B-3030-00000138,60,40,15,0.3
LS-THC-G1-2-E1-10-00B-3030-00000139,60,40,16,0.3
LS-THC-G1-2-E1-10-00B-3030-00000140,60,40,17,0.3
LS-THC-G1-2-E1-10-00B-3030-00000141,60,40,18,0.3
LS-THC-G1-2-E1-10-00B-3030-00000142,60,40,19,0.3
LS-THC-G1-2-E1-10-00B-3030-00000143,60,40,20,0.3
LS-THC-G1-2-E1-10-00B-3030-00000144,60,40,21,0.3
LS-THC-G1-2-E1-10-00B-3030-00000145,60,40,22,0.3
LS-THC-G1-2-E1-10-00B-3030-00000146,60,40,23,0.3
LS-THC-G1-2-E1-10-00B-3030-00000147,60,40,24,0.3
LS-THC-G1-2-E1-10-00B-3030-00000148,60,40,25,0.3
LS-THC-G1-2-E1-10-00B-3030-00000149,60,40,26,0.3
LS-THC-G1-2-E1-10-00B-3030-00000150,60,40,27,0.3
LS-THC-G1-2-E1-10-00B-3030-00000151,60,40,28,0.3
LS-THC-G1-2-E1-10-00B-3030-00000152,60,40,29,0.3
LS-THC-G1-2-E1-10-00B-3030-00000153,60,40,30,0.3
LS-THC-G1-2-E1-10-00B-3030-00000154,60,40,31,0.3
LS-THC-G1-2-E1-10-00B-3030-00000155,60,40,32,0.3
LS-THC-G1-2-E1-10-00B-3030-00000156,60,40,33,0.3
LS-THC-G1-2-E1-10-00B-3030-00000157,60,40,34,0.3
LS-THC-G1-2-E1-10-00B-3030-00000158,60,40,35,0.3
LS-THC-G1-2-E1-10-00B-3030-00000159,60,40,36,0.3
LS-THC-G1-2-E1-10-00B-3030-00000160,60,40,37,0.3
LS-THC-G1-2-E1-10-00B-3030-00000161,60,40,38,0.3
LS-THC-G1-2-E1-10-00B-3030-00000162,60,40,39,0.3
LS-THC-G1-2-E1-10-00B-3030-00000163,60,40,40,0.3
LS-THC-G1-2-E1-10-00B-3030-00000164,60,40,41,0.3
LS-THC-G1-2-E1-10-00B-3030-00000165,60,40,42,0.3
LS-THC-G1-2-E1-10-00B-3030-00000166,60,40,43,0.3
LS-THC-G1-2-E1-10-00B-3030-00000167,60,40,44,0.3
LS-THC-G1-2-E1-10-00B-3030-00000168,60,40,45,0.3
LS-THC-G1-2-E1-10-00B-3030-00000169,60,40,46,0.3
LS-THC-G1-2-E1-10-00B-3030-00000170,60,40,47,0.3
LS-THC-G1-2-E1-10-00B-3030-00000171,60,40,48,0.3
LS-THC-G1-2-E1-10-00B-3030-00000172,60,40,49,0.3
LS-THC-G1-2-E1-10-00B-3030-00000173,60,40,50,0.3
LS-THC-G1-2-E1-10-00B-3030-00000174,60,40,51,0.3
LS-THC-G1-2-E1-10-00B-3030-00000175,60,40,52,0.3
LS-THC-G1-2-E1-10-00B-3030-00000176,60,40,53,0.3
LS-THC-G1-2-E1-10-00B-3030-00000177,60,40,54,0.3
LS-THC-G1-2-E1-10-00B-3030-00000178,60,40,55,0.3
LS-THC-G1-2-E1-10-00B-3030-00000179,60,40,56,0.3
LS-THC-G1-2-E1-10-00B-3030-00000180,60,40,57,0.3
LS-THC-G1-2-E1-10-00B-3030-00000181,60,40,58,0.3
LS-THC-G1-2-E1-10-00B-3030-00000182,60,40,59,0.3
LS-THC-G1-2-E1-10-00B-3030-00000183,60,40,60,0.3
LS-THC-G1-2-E1-10-00B-3030-00000184,60,40,0,0.4
LS-THC-G1-2-E1-10-00B-3030-00000185,60,40,1,0.4
LS-THC-G1-2-E1-10-00B-3030-00000186,60,40,2,0.4
LS-THC-G1-2-E1-10-00B-3030-00000187,60,40,3,0.4
LS-THC-G1-2-E1-10-00B-3030-00000188,60,40,4,0.4
LS-THC-G1-2-E1-10-00B-3030-00000189,60,40,5,0.4
LS-THC-G1-2-E1-10-00B-3030-00000190,60,40,6,0.4
LS-THC-G1-2-E1-10-00B-3030-00000191,60,40,7,0.4
LS-THC-G1-2-E1-10-00B-3030-00000192,60,40,8,0.4
LS-THC-G1-2-E1-10-00B-3030-00000193,60,40,9,0.4
LS-THC-G1-2-E1-10-00B-3030-00000194,60,40,10,0.4
LS-THC-G1-2-E1-10-00B-3030-00000195,60,40,11,0.4
LS-THC-G1-2-E1-10-00B-3030-00000196,60,40,12,0.4
LS-THC-G1-2-E1-10-00B-3030-00000197,60,40,13,0.4
LS-THC-G1-2-E1-10-00B-3030-00000198,60,40,14,0.4
LS-THC-G1-2-E1-10-00B-3030-00000199,60,40,15,0.4
LS-THC-G1-2-E1-10-00B-3030-00000200,60,40,16,0.4
LS-THC-G1-2-E1-10-00B-3030-00000201,60,40,17,0.4
LS-THC-G1-2-E1-10-00B-3030-00000202,60,40,18,0.4
LS-THC-G1-2-E1-10-00B-3030-00000203,60,40,19,0.4
LS-THC-G1-2-E1-10-00B-3030-00000204,60,40,20,0.4
LS-THC-G1-2-E1-10-00B-3030-00000205,60,40,21,0.4
LS-THC-G1-2-E1-10-00B-3030-00000206,60,40,22,0.4
LS-THC-G1-2-E1-10-00B-3030-00000207,60,40,23,0.4
LS-THC-G1-2-E1-10-00B-3030-00000208,60,40,24,0.4
LS-THC-G1-2-E1-10-00B-3030-00000209,60,40,25,0.4
LS-THC-G1-2-E1-10-00B-3030-00000210,60,40,26,0.4
LS-THC-G1-2-E1-10-00B-3030-00000211,60,40,27,0.4
LS-THC-G1-2-E1-10-00B-3030-00000212,60,40,28,0.4
LS-THC-G1-2-E1-10-00B-3030-00000213,60,40,29,0.4
LS-THC-G1-2-E1-10-00B-3030-00000214,60,40,30,0.4
LS-THC-G1-2-E1-10-00B-3030-00000215,60,40,31,0.4
LS-THC-G1-2-E1-10-00B-3030-00000216,60,40,32,0.4
LS-THC-G1-2-E1-10-00B-3030-00000217,60,40,33,0.4
LS-THC-G1-2-E1-10-00B-3030-00000218,60,40,34,0.4
LS-THC-G1-2-E1-10-00B-3030-00000219,60,40,35,0.4
LS-THC-G1-2-E1-10-00B-3030-00000220,60,40,36,0.4
LS-THC-G1-2-E1-10-00B-3030-00000221,60,40,37,0.4
LS-THC-G1-2-E1-10-00B-3030-00000222,60,40,38,0.4
LS-THC-G1-2-E1-10-00B-3030-00000223,60,40,39,0.4
LS-THC-G1-2-E1-10-00B-3030-00000224,60,40,40,0.4
LS-THC-G1-2-E1-10-00B-3030-00000225,60,40,41,0.4
LS-THC-G1-2-E1-10-00B-3030-00000226,60,40,42,0.4
LS-THC-G1-2-E1-10-00B-3030-00000227,60,40,43,0.4
LS-THC-G1-2-E1-10-00B-3030-00000228,60,40,44,0.4
LS-THC-G1-2-E1-10-00B-3030-00000229,60,40,45,0.4
LS-THC-G1-2-E1-10-00B-3030-00000230,60,40,46,0.4
LS-THC-G1-2-E1-10-00B-3030-00000231,60,40,47,0.4
LS-THC-G1-2-E1-10-00B-3030-00000232,60,40,48,0.4
LS-THC-G1-2-E1-10-00B-3030-00000233,60,40,49,0.4
LS-THC-G1-2-E1-10-00B-3030-00000234,60,40,50,0.4
LS-THC-G1-2-E1-10-00B-3030-00000235,60,40,51,0.4
LS-THC-G1-2-E1-10-00B-3030-00000236,60,40,52,0.4
LS-THC-G1-2-E1-10-00B-3030-00000237,60,40,53,0.4
LS-THC-G1-2-E1-10-00B-3030-00000238,60,40,54,0.4
LS-THC-G1-2-E1-10-00B-3030-00000239,60,40,55,0.4
LS-THC-G1-2-E1-10-00B-3030-00000240,60,40,56,0.4
LS-THC-G1-2-E1-10-00B-3030-00000241,60,40,57,0.4
LS-THC-G1-2-E1-10-00B-3030-00000242,60,40,58,0.4
LS-THC-G1-2-E1-10-00B-3030-00000243,60,40,59,0.4
LS-THC-G1-2-E1-10-00B-3030-00000244,60,40,60,0.4
LS-THC-G1-2-E1-10-00B-3030-00000245,60,40,0,0.5
LS-THC-G1-2-E1-10-00B-3030-00000246,60,40,1,0.5
LS-THC-G1-2-E1-10-00B-3030-00000247,60,40,2,0.5
LS-THC-G1-2-E1-10-00B-3030-00000248,60,40,3,0.5
LS-THC-G1-2-E1-10-00B-3030-00000249,60,40,4,0.5
LS-THC-G1-2-E1-10-00B-3030-00000250,60,40,5,0.5
LS-THC-G1-2-E1-10-00B-3030-00000251,60,40,6,0.5
LS-THC-G1-2-E1-10-00B-3030-00000252,60,40,7,0.5
LS-THC-G1-2-E1-10-00B-3030-00000253,60,40,8,0.5
LS-THC-G1-2-E1-10-00B-3030-00000254,60,40,9,0.5
LS-THC-G1-2-E1-10-00B-3030-00000255,60,40,10,0.5
LS-THC-G1-2-E1-10-00B-3030-00000256,60,40,11,0.5
LS-THC-G1-2-E1-10-00B-3030-00000257,60,40,12,0.5
LS-THC-G1-2-E1-10-00B-3030-00000258,60,40,13,0.5
LS-THC-G1-2-E1-10-00B-3030-00000259,60,40,14,0.5
LS-THC-G1-2-E1-10-00B-3030-00000260,60,40,15,0.5
LS-THC-G1-2-E1-10-00B-3030-00000261,60,40,16,0.5
LS-THC-G1-2-E1-10-00B-3030-00000262,60,40,17,0.5
LS-THC-G1-2-E1-10-00B-3030-00000263,60,40,18,0.5
LS-THC-G1-2-E1-10-00B-3030-00000264,60,40,19,0.5
LS-THC-G1-2-E1-10-00B-3030-00000265,60,40,20,0.5
LS-THC-G1-2-E1-10-00B-3030-00000266,60,40,21,0.5
LS-THC-G1-2-E1-10-00B-3030-00000267,60,40,22,0.5
LS-THC-G1-2-E1-10-00B-3030-00000268,60,40,23,0.5
LS-THC-G1-2-E1-10-00B-3030-00000269,60,40,24,0.5
LS-THC-G1-2-E1-10-00B-3030-00000270,60,40,25,0.5
LS-THC-G1-2-E1-10-00B-3030-00000271,60,40,26,0.5
LS-THC-G1-2-E1-10-00B-3030-00000272,60,40,27,0.5
LS-THC-G1-2-E1-10-00B-3030-00000273,60,40,28,0.5
LS-THC-G1-2-E1-10-00B-3030-00000274,60,40,29,0.5
LS-THC-G1-2-E1-10-00B-3030-00000275,60,40,30,0.5
LS-THC-G1-2-E1-10-00B-3030-00000276,60,40,31,0.5
LS-THC-G1-2-E1-10-00B-3030-00000277,60,40,32,0.5
LS-THC-G1-2-E1-10-00B-3030-00000278,60,40,33,0.5
LS-THC-G1-2-E1-10-00B-3030-00000279,60,40,34,0.5
LS-THC-G1-2-E1-10-00B-3030-00000280,60,40,35,0.5
LS-THC-G1-2-E1-10-00B-3030-00000281,60,40,36,0.5
LS-THC-G1-2-E1-10-00B-3030-00000282,60,40,37,0.5
LS-THC-G1-2-E1-10-00B-3030-00000283,60,40,38,0.5
LS-THC-G1-2-E1-10-00B-3030-00000284,60,40,39,0.5
LS-THC-G1-2-E1-10-00B-3030-00000285,60,40,40,0.5
LS-THC-G1-2-E1-10-00B-3030-00000286,60,40,41,0.5
LS-THC-G1-2-E1-10-00B-3030-00000287,60,40,42,0.5
LS-THC-G1-2-E1-10-00B-3030-00000288,60,40,43,0.5
LS-THC-G1-2-E1-10-00B-3030-00000289,60,40,44,0.5
LS-THC-G1-2-E1-10-00B-3030-00000290,60,40,45,0.5
LS-THC-G1-2-E1-10-00B-3030-00000291,60,40,46,0.5
LS-THC-G1-2-E1-10-00B-3030-00000292,60,40,47,0.5
LS-THC-G1-2-E1-10-00B-3030-00000293,60,40,48,0.5
LS-THC-G1-2-E1-10-00B-3030-00000294,60,40,49,0.5
LS-THC-G1-2-E1-10-00B-3030-00000295,60,40,50,0.5
LS-THC-G1-2-E1-10-00B-3030-00000296,60,40,51,0.5
LS-THC-G1-2-E1-10-00B-3030-00000297,60,40,52,0.5
LS-THC-G1-2-E1-10-00B-3030-00000298,60,40,53,0.5
LS-THC-G1-2-E1-10-00B-3030-00000299,60,40,54,0.5
LS-THC-G1-2-E1-10-00B-3030-00000300,60,40,55,0.5
LS-THC-G1-2-E1-10-00B-3030-00000301,60,40,56,0.5
LS-THC-G1-2-E1-10-00B-3030-00000302,60,40,57,0.5
LS-THC-G1-2-E1-10-00B-3030-00000303,60,40,58,0.5
LS-THC-G1-2-E1-10-00B-3030-00000304,60,40,59,0.5
LS-THC-G1-2-E1-10-00B-3030-00000305,60,40,60,0.5
LS-THC-G1-2-E1-10-00B-3030-00000306,60,40,0,0.6
LS-THC-G1-2-E1-10-00B-3030-00000307,60,40,1,0.6
LS-THC-G1-2-E1-10-00B-3030-00000308,60,40,2,0.6
LS-THC-G1-2-E1-10-00B-3030-00000309,60,40,3,0.6
LS-THC-G1-2-E1-10-00B-3030-00000310,60,40,4,0.6
LS-THC-G1-2-E1-10-00B-3030-00000311,60,40,5,0.6
LS-THC-G1-2-E1-10-00B-3030-00000312,60,40,6,0.6
LS-THC-G1-2-E1-10-00B-3030-00000313,60,40,7,0.6
LS-THC-G1-2-E1-10-00B-3030-00000314,60,40,8,0.6
LS-THC-G1-2-E1-10-00B-3030-00000315,60,40,9,0.6
LS-THC-G1-2-E1-10-00B-3030-00000316,60,40,10,0.6
LS-THC-G1-2-E1-10-00B-3030-00000317,60,40,11,0.6
LS-THC-G1-2-E1-10-00B-3030-00000318,60,40,12,0.6
LS-THC-G1-2-E1-10-00B-3030-00000319,60,40,13,0.6
LS-THC-G1-2-E1-10-00B-3030-00000320,60,40,14,0.6
LS-THC-G1-2-E1-10-00B-3030-00000321,60,40,15,0.6
LS-THC-G1-2-E1-10-00B-3030-00000322,60,40,16,0.6
LS-THC-G1-2-E1-10-00B-3030-00000323,60,40,17,0.6
LS-THC-G1-2-E1-10-00B-3030-00000324,60,40,18,0.6
LS-THC-G1-2-E1-10-00B-3030-00000325,60,40,19,0.6
LS-THC-G1-2-E1-10-00B-3030-00000326,60,40,20,0.6
LS-THC-G1-2-E1-10-00B-3030-00000327,60,40,21,0.6
LS-THC-G1-2-E1-10-00B-3030-00000328,60,40,22,0.6
LS-THC-G1-2-E1-10-00B-3030-00000329,60,40,23,0.6
LS-THC-G1-2-E1-10-00B-3030-00000330,60,40,24,0.6
LS-THC-G1-2-E1-10-00B-3030-00000331,60,40,25,0.6
LS-THC-G1-2-E1-10-00B-3030-00000332,60,40,26,0.6
LS-THC-G1-2-E1-10-00B-3030-00000333,60,40,27,0.6
LS-THC-G1-2-E1-10-00B-3030-00000334,60,40,28,0.6
LS-THC-G1-2-E1-10-00B-3030-00000335,60,40,29,0.6
LS-THC-G1-2-E1-10-00B-3030-00000336,60,40,30,0.6
LS-THC-G1-2-E1-10-00B-3030-00000337,60,40,31,0.6
LS-THC-G1-2-E1-10-00B-3030-00000338,60,40,32,0.6
LS-THC-G1-2-E1-10-00B-3030-00000339,60,40,33,0.6
LS-THC-G1-2-E1-10-00B-3030-00000340,60,40,34,0.6
LS-THC-G1-2-E1-10-00B-3030-00000341,60,40,35,0.6
LS-THC-G1-2-E1-10-00B-3030-00000342,60,40,36,0.6
LS-THC-G1-2-E1-10-00B-3030-00000343,60,40,37,0.6
LS-THC-G1-2-E1-10-00B-3030-00000344,60,40,38,0.6
LS-THC-G1-2-E1-10-00B-3030-00000345,60,40,39,0.6
LS-THC-G1-2-E1-10-00B-3030-00000346,60,40,40,0.6
LS-THC-G1-2-E1-10-00B-3030-00000347,60,40,41,0.6
LS-THC-G1-2-E1-10-00B-3030-00000348,60,40,42,0.6
LS-THC-G1-2-E1-10-00B-3030-00000349,60,40,43,0.6
LS-THC-G1-2-E1-10-00B-3030-00000350,60,40,44,0.6
LS-THC-G1-2-E1-10-00B-3030-00000351,60,40,45,0.6
LS-THC-G1-2-E1-10-00B-3030-00000352,60,40,46,0.6
LS-THC-G1-2-E1-10-00B-3030-00000353,60,40,47,0.6
LS-THC-G1-2-E1-10-00B-3030-00000354,60,40,48,0.6
LS-THC-G1-2-E1-10-00B-3030-00000355,60,40,49,0.6
LS-THC-G1-2-E1-10-00B-3030-00000356,60,40,50,0.6
LS-THC-G1-2-E1-10-00B-3030-00000357,60,40,51,0.6
LS-THC-G1-2-E1-10-00B-3030-00000358,60,40,52,0.6
LS-THC-G1-2-E1-10-00B-3030-00000359,60,40,53,0.6
LS-THC-G1-2-E1-10-00B-3030-00000360,60,40,54,0.6
LS-THC-G1-2-E1-10-00B-3030-00000361,60,40,55,0.6
LS-THC-G1-2-E1-10-00B-3030-00000362,60,40,56,0.6
LS-THC-G1-2-E1-10-00B-3030-00000363,60,40,57,0.6
LS-THC-G1-2-E1-10-00B-3030-00000364,60,40,58,0.6
LS-THC-G1-2-E1-10-00B-3030-00000365,60,40,59,0.6
LS-THC-G1-2-E1-10-00B-3030-00000366,60,40,60,0.6
LS-THC-G1-2-E1-10-00B-3030-00000367,60,40,0,0.7
LS-THC-G1-2-E1-10-00B-3030-00000368,60,40,1,0.7
LS-THC-G1-2-E1-10-00B-3030-00000369,60,40,2,0.7
LS-THC-G1-2-E1-10-00B-3030-00000370,60,40,3,0.7
LS-THC-G1-2-E1-10-00B-3030-00000371,60,40,4,0.7
LS-THC-G1-2-E1-10-00B-3030-00000372,60,40,5,0.7
LS-THC-G1-2-E1-10-00B-3030-00000373,60,40,6,0.7
LS-THC-G1-2-E1-10-00B-3030-00000374,60,40,7,0.7
LS-THC-G1-2-E1-10-00B-3030-00000375,60,40,8,0.7
LS-THC-G1-2-E1-10-00B-3030-00000376,60,40,9,0.7
LS-THC-G1-2-E1-10-00B-3030-00000377,60,40,10,0.7
LS-THC-G1-2-E1-10-00B-3030-00000378,60,40,11,0.7
LS-THC-G1-2-E1-10-00B-3030-00000379,60,40,12,0.7
LS-THC-G1-2-E1-10-00B-3030-00000380,60,40,13,0.7
LS-THC-G1-2-E1-10-00B-3030-00000381,60,40,14,0.7
LS-THC-G1-2-E1-10-00B-3030-00000382,60,40,15,0.7
LS-THC-G1-2-E1-10-00B-3030-00000383,60,40,16,0.7
LS-THC-G1-2-E1-10-00B-3030-00000384,60,40,17,0.7
LS-THC-G1-2-E1-10-00B-3030-00000385,60,40,18,0.7
LS-THC-G1-2-E1-10-00B-3030-00000386,60,40,19,0.7
LS-THC-G1-2-E1-10-00B-3030-00000387,60,40,20,0.7
LS-THC-G1-2-E1-10-00B-3030-00000388,60,40,21,0.7
LS-THC-G1-2-E1-10-00B-3030-00000389,60,40,22,0.7
LS-THC-G1-2-E1-10-00B-3030-00000390,60,40,23,0.7
LS-THC-G1-2-E1-10-00B-3030-00000391,60,40,24,0.7
LS-THC-G1-2-E1-10-00B-3030-00000392,60,40,25,0.7
LS-THC-G1-2-E1-10-00B-3030-00000393,60,40,26,0.7
LS-THC-G1-2-E1-10-00B-3030-00000394,60,40,27,0.7
LS-THC-G1-2-E1-10-00B-3030-00000395,60,40,28,0.7
LS-THC-G1-2-E1-10-00B-3030-00000396,60,40,29,0.7
LS-THC-G1-2-E1-10-00B-3030-00000397,60,40,30,0.7
LS-THC-G1-2-E1-10-00B-3030-00000398,60,40,31,0.7
LS-THC-G1-2-E1-10-00B-3030-00000399,60,40,32,0.7
LS-THC-G1-2-E1-10-00B-3030-00000400,60,40,33,0.7
LS-THC-G1-2-E1-10-00B-3030-00000401,60,40,34,0.7
LS-THC-G1-2-E1-10-00B-3030-00000402,60,40,35,0.7
LS-THC-G1-2-E1-10-00B-3030-00000403,60,40,36,0.7
LS-THC-G1-2-E1-10-00B-3030-00000404,60,40,37,0.7
LS-THC-G1-2-E1-10-00B-3030-00000405,60,40,38,0.7
LS-THC-G1-2-E1-10-00B-3030-00000406,60,40,39,0.7
LS-THC-G1-2-E1-10-00B-3030-00000407,60,40,40,0.7
LS-THC-G1-2-E1-10-00B-3030-00000408,60,40,41,0.7
LS-THC-G1-2-E1-10-00B-3030-00000409,60,40,42,0.7
LS-THC-G1-2-E1-10-00B-3030-00000410,60,40,43,0.7
LS-THC-G1-2-E1-10-00B-3030-00000411,60,40,44,0.7
LS-THC-G1-2-E1-10-00B-3030-00000412,60,40,45,0.7
LS-THC-G1-2-E1-10-00B-3030-00000413,60,40,46,0.7
LS-THC-G1-2-E1-10-00B-3030-00000414,60,40,47,0.7
LS-THC-G1-2-E1-10-00B-3030-00000415,60,40,48,0.7
LS-THC-G1-2-E1-10-00B-3030-00000416,60,40,49,0.7
LS-THC-G1-2-E1-10-00B-3030-00000417,60,40,50,0.7
LS-THC-G1-2-E1-10-00B-3030-00000418,60,40,51,0.7
LS-THC-G1-2-E1-10-00B-3030-00000419,60,40,52,0.7
LS-THC-G1-2-E1-10-00B-3030-00000420,60,40,53,0.7
LS-THC-G1-2-E1-10-00B-3030-00000421,60,40,54,0.7
LS-THC-G1-2-E1-10-00B-3030-00000422,60,40,55,0.7
LS-THC-G1-2-E1-10-00B-3030-00000423,60,40,56,0.7
LS-THC-G1-2-E1-10-00B-3030-00000424,60,40,57,0.7
LS-THC-G1-2-E1-10-00B-3030-00000425,60,40,58,0.7
LS-THC-G1-2-E1-10-00B-3030-00000426,60,40,59,0.7
LS-THC-G1-2-E1-10-00B-3030-00000427,60,40,60,0.7
LS-THC-G1-2-E1-10-00B-3030-00000428,60,40,0,0.8
LS-THC-G1-2-E1-10-00B-3030-00000429,60,40,1,0.8
LS-THC-G1-2-E1-10-00B-3030-00000430,60,40,2,0.8
LS-THC-G1-2-E1-10-00B-3030-00000431,60,40,3,0.8
LS-THC-G1-2-E1-10-00B-3030-00000432,60,40,4,0.8
LS-THC-G1-2-E1-10-00B-3030-00000433,60,40,5,0.8
LS-THC-G1-2-E1-10-00B-3030-00000434,60,40,6,0.8
LS-THC-G1-2-E1-10-00B-3030-00000435,60,40,7,0.8
LS-THC-G1-2-E1-10-00B-3030-00000436,60,40,8,0.8
LS-THC-G1-2-E1-10-00B-3030-00000437,60,40,9,0.8
LS-THC-G1-2-E1-10-00B-3030-00000438,60,40,10,0.8
LS-THC-G1-2-E1-10-00B-3030-00000439,60,40,11,0.8
LS-THC-G1-2-E1-10-00B-3030-00000440,60,40,12,0.8
LS-THC-G1-2-E1-10-00B-3030-00000441,60,40,13,0.8
LS-THC-G1-2-E1-10-00B-3030-00000442,60,40,14,0.8
LS-THC-G1-2-E1-10-00B-3030-00000443,60,40,15,0.8
LS-THC-G1-2-E1-10-00B-3030-00000444,60,40,16,0.8
LS-THC-G1-2-E1-10-00B-3030-00000445,60,40,17,0.8
LS-THC-G1-2-E1-10-00B-3030-00000446,60,40,18,0.8
LS-THC-G1-2-E1-10-00B-3030-00000447,60,40,19,0.8
LS-THC-G1-2-E1-10-00B-3030-00000448,60,40,20,0.8
LS-THC-G1-2-E1-10-00B-3030-00000449,60,40,21,0.8
LS-THC-G1-2-E1-10-00B-3030-00000450,60,40,22,0.8
LS-THC-G1-2-E1-10-00B-3030-00000451,60,40,23,0.8
LS-THC-G1-2-E1-10-00B-3030-00000452,60,40,24,0.8
LS-THC-G1-2-E1-10-00B-3030-00000453,60,40,25,0.8
LS-THC-G1-2-E1-10-00B-3030-00000454,60,40,26,0.8
LS-THC-G1-2-E1-10-00B-3030-00000455,60,40,27,0.8
LS-THC-G1-2-E1-10-00B-3030-00000456,60,40,28,0.8
LS-THC-G1-2-E1-10-00B-3030-00000457,60,40,29,0.8
LS-THC-G1-2-E1-10-00B-3030-00000458,60,40,30,0.8
LS-THC-G1-2-E1-10-00B-3030-00000459,60,40,31,0.8
LS-THC-G1-2-E1-10-00B-3030-00000460,60,40,32,0.8
LS-THC-G1-2-E1-10-00B-3030-00000461,60,40,33,0.8
LS-THC-G1-2-E1-10-00B-3030-00000462,60,40,34,0.8
LS-THC-G1-2-E1-10-00B-3030-00000463,60,40,35,0.8
LS-THC-G1-2-E1-10-00B-3030-00000464,60,40,36,0.8
LS-THC-G1-2-E1-10-00B-3030-00000465,60,40,37,0.8
LS-THC-G1-2-E1-10-00B-3030-00000466,60,40,38,0.8
LS-THC-G1-2-E1-10-00B-3030-00000467,60,40,39,0.8
LS-THC-G1-2-E1-10-00B-3030-00000468,60,40,40,0.8
LS-THC-G1-2-E1-10-00B-3030-00000469,60,40,41,0.8
LS-THC-G1-2-E1-10-00B-3030-00000470,60,40,42,0.8
LS-THC-G1-2-E1-10-00B-3030-00000471,60,40,43,0.8
LS-THC-G1-2-E1-10-00B-3030-00000472,60,40,44,0.8
LS-THC-G1-2-E1-10-00B-3030-00000473,60,40,45,0.8
LS-THC-G1-2-E1-10-00B-3030-00000474,60,40,46,0.8
LS-THC-G1-2-E1-10-00B-3030-00000475,60,40,47,0.8
LS-THC-G1-2-E1-10-00B-3030-00000476,60,40,48,0.8
LS-THC-G1-2-E1-10-00B-3030-00000477,60,40,49,0.8
LS-THC-G1-2-E1-10-00B-3030-00000478,60,40,50,0.8
LS-THC-G1-2-E1-10-00B-3030-00000479,60,40,51,0.8
LS-THC-G1-2-E1-10-00B-3030-00000480,60,40,52,0.8
LS-THC-G1-2-E1-10-00B-3030-00000481,60,40,53,0.8
LS-THC-G1-2-E1-10-00B-3030-00000482,60,40,54,0.8
LS-THC-G1-2-E1-10-00B-3030-00000483,60,40,55,0.8
LS-THC-G1-2-E1-10-00B-3030-00000484,60,40,56,0.8
LS-THC-G1-2-E1-10-00B-3030-00000485,60,40,57,0.8
LS-THC-G1-2-E1-10-00B-3030-00000486,60,40,58,0.8
LS-THC-G1-2-E1-10-00B-3030-00000487,60,40,59,0.8
LS-THC-G1-2-E1-10-00B-3030-00000488,60,40,60,0.8
LS-THC-G1-2-E1-10-00B-3030-00000489,60,40,0,0.9
LS-THC-G1-2-E1-10-00B-3030-00000490,60,40,1,0.9
LS-THC-G1-2-E1-10-00B-3030-00000491,60,40,2,0.9
LS-THC-G1-2-E1-10-00B-3030-00000492,60,40,3,0.9
LS-THC-G1-2-E1-10-00B-3030-00000493,60,40,4,0.9
LS-THC-G1-2-E1-10-00B-3030-00000494,60,40,5,0.9
LS-THC-G1-2-E1-10-00B-3030-00000495,60,40,6,0.9
LS-THC-G1-2-E1-10-00B-3030-00000496,60,40,7,0.9
LS-THC-G1-2-E1-10-00B-3030-00000497,60,40,8,0.9
LS-THC-G1-2-E1-10-00B-3030-00000498,60,40,9,0.9
LS-THC-G1-2-E1-10-00B-3030-00000499,60,40,10,0.9
LS-THC-G1-2-E1-10-00B-3030-00000500,60,40,11,0.9
LS-THC-G1-2-E1-10-00B-3030-00000501,60,40,12,0.9
LS-THC-G1-2-E1-10-00B-3030-00000502,60,40,13,0.9
LS-THC-G1-2-E1-10-00B-3030-00000503,60,40,14,0.9
LS-THC-G1-2-E1-10-00B-3030-00000504,60,40,15,0.9
LS-THC-G1-2-E1-10-00B-3030-00000505,60,40,16,0.9
LS-THC-G1-2-E1-10-00B-3030-00000506,60,40,17,0.9
LS-THC-G1-2-E1-10-00B-3030-00000507,60,40,18,0.9
LS-THC-G1-2-E1-10-00B-3030-00000508,60,40,19,0.9
LS-THC-G1-2-E1-10-00B-3030-00000509,60,40,20,0.9
LS-THC-G1-2-E1-10-00B-3030-00000510,60,40,21,0.9
LS-THC-G1-2-E1-10-00B-3030-00000511,60,40,22,0.9
LS-THC-G1-2-E1-10-00B-3030-00000512,60,40,23,0.9
LS-THC-G1-2-E1-10-00B-3030-00000513,60,40,24,0.9
LS-THC-G1-2-E1-10-00B-3030-00000514,60,40,25,0.9
LS-THC-G1-2-E1-10-00B-3030-00000515,60,40,26,0.9
LS-THC-G1-2-E1-10-00B-3030-00000516,60,40,27,0.9
LS-THC-G1-2-E1-10-00B-3030-00000517,60,40,28,0.9
LS-THC-G1-2-E1-10-00B-3030-00000518,60,40,29,0.9
LS-THC-G1-2-E1-10-00B-3030-00000519,60,40,30,0.9
LS-THC-G1-2-E1-10-00B-3030-00000520,60,40,31,0.9
LS-THC-G1-2-E1-10-00B-3030-00000521,60,40,32,0.9
LS-THC-G1-2-E1-10-00B-3030-00000522,60,40,33,0.9
LS-THC-G1-2-E1-10-00B-3030-00000523,60,40,34,0.9
LS-THC-G1-2-E1-10-00B-3030-00000524,60,40,35,0.9
LS-THC-G1-2-E1-10-00B-3030-00000525,60,40,36,0.9
LS-THC-G1-2-E1-10-00B-3030-00000526,60,40,37,0.9
LS-THC-G1-2-E1-10-00B-3030-00000527,60,40,38,0.9
LS-THC-G1-2-E1-10-00B-3030-00000528,60,40,39,0.9
LS-THC-G1-2-E1-10-00B-3030-00000529,60,40,40,0.9
LS-THC-G1-2-E1-10-00B-3030-00000530,60,40,41,0.9
LS-THC-G1-2-E1-10-00B-3030-00000531,60,40,42,0.9
LS-THC-G1-2-E1-10-00B-3030-00000532,60,40,43,0.9
LS-THC-G1-2-E1-10-00B-3030-00000533,60,40,44,0.9
LS-THC-G1-2-E1-10-00B-3030-00000534,60,40,45,0.9
LS-THC-G1-2-E1-10-00B-3030-00000535,60,40,46,0.9
LS-THC-G1-2-E1-10-00B-3030-00000536,60,40,47,0.9
LS-THC-G1-2-E1-10-00B-3030-00000537,60,40,48,0.9
LS-THC-G1-2-E1-10-00B-3030-00000538,60,40,49,0.9
LS-THC-G1-2-E1-10-00B-3030-00000539,60,40,50,0.9
LS-THC-G1-2-E1-10-00B-3030-00000540,60,40,51,0.9
LS-THC-G1-2-E1-10-00B-3030-00000541,60,40,52,0.9
LS-THC-G1-2-E1-10-00B-3030-00000542,60,40,53,0.9
LS-THC-G1-2-E1-10-00B-3030-00000543,60,40,54,0.9
LS-THC-G1-2-E1-10-00B-3030-00000544,60,40,55,0.9
LS-THC-G1-2-E1-10-00B-3030-00000545,60,40,56,0.9
LS-THC-G1-2-E1-10-00B-3030-00000546,60,40,57,0.9
LS-THC-G1-2-E1-10-00B-3030-00000547,60,40,58,0.9
LS-THC-G1-2-E1-10-00B-3030-00000548,60,40,59,0.9
LS-THC-G1-2-E1-10-00B-3030-00000549,60,40,60,0.9
LS-THC-G1-2-E1-10-00B-3030-00000550,60,40,0,1
LS-THC-G1-2-E1-10-00B-3030-00000551,60,40,1,1
LS-THC-G1-2-E1-10-00B-3030-00000552,60,40,2,1
LS-THC-G1-2-E1-10-00B-3030-00000553,60,40,3,1
LS-THC-G1-2-E1-10-00B-3030-00000554,60,40,4,1
LS-THC-G1-2-E1-10-00B-3030-00000555,60,40,5,1
LS-THC-G1-2-E1-10-00B-3030-00000556,60,40,6,1
LS-THC-G1-2-E1-10-00B-3030-00000557,60,40,7,1
LS-THC-G1-2-E1-10-00B-3030-00000558,60,40,8,1
LS-THC-G1-2-E1-10-00B-3030-00000559,60,40,9,1
LS-THC-G1-2-E1-10-00B-3030-00000560,60,40,10,1
LS-THC-G1-2-E1-10-00B-3030-00000561,60,40,11,1
LS-THC-G1-2-E1-10-00B-3030-00000562,60,40,12,1
LS-THC-G1-2-E1-10-00B-3030-00000563,60,40,13,1
LS-THC-G1-2-E1-10-00B-3030-00000564,60,40,14,1
LS-THC-G1-2-E1-10-00B-3030-00000565,60,40,15,1
LS-THC-G1-2-E1-10-00B-3030-00000566,60,40,16,1
LS-THC-G1-2-E1-10-00B-3030-00000567,60,40,17,1
LS-THC-G1-2-E1-10-00B-3030-00000568,60,40,18,1
LS-THC-G1-2-E1-10-00B-3030-00000569,60,40,19,1
LS-THC-G1-2-E1-10-00B-3030-00000570,60,40,20,1
LS-THC-G1-2-E1-10-00B-3030-00000571,60,40,21,1
LS-THC-G1-2-E1-10-00B-3030-00000572,60,40,22,1
LS-THC-G1-2-E1-10-00B-3030-00000573,60,40,23,1
LS-THC-G1-2-E1-10-00B-3030-00000574,60,40,24,1
LS-THC-G1-2-E1-10-00B-3030-00000575,60,40,25,1
LS-THC-G1-2-E1-10-00B-3030-00000576,60,40,26,1
LS-THC-G1-2-E1-10-00B-3030-00000577,60,40,27,1
LS-THC-G1-2-E1-10-00B-3030-00000578,60,40,28,1
LS-THC-G1-2-E1-10-00B-3030-00000579,60,40,29,1
LS-THC-G1-2-E1-10-00B-3030-00000580,60,40,30,1
LS-THC-G1-2-E1-10-00B-3030-00000581,60,40,31,1
LS-THC-G1-2-E1-10-00B-3030-00000582,60,40,32,1
LS-THC-G1-2-E1-10-00B-3030-00000583,60,40,33,1
LS-THC-G1-2-E1-10-00B-3030-00000584,60,40,34,1
LS-THC-G1-2-E1-10-00B-3030-00000585,60,40,35,1
LS-THC-G1-2-E1-10-00B-3030-00000586,60,40,36,1
LS-THC-G1-2-E1-10-00B-3030-00000587,60,40,37,1
LS-THC-G1-2-E1-10-00B-3030-00000588,60,40,38,1
LS-THC-G1-2-E1-10-00B-3030-00000589,60,40,39,1
LS-THC-G1-2-E1-10-00B-3030-00000590,60,40,40,1
LS-THC-G1-2-E1-10-00B-3030-00000591,60,40,41,1
LS-THC-G1-2-E1-10-00B-3030-00000592,60,40,42,1
LS-THC-G1-2-E1-10-00B-3030-00000593,60,40,43,1
LS-THC-G1-2-E1-10-00B-3030-00000594,60,40,44,1
LS-THC-G1-2-E1-10-00B-3030-00000595,60,40,45,1
LS-THC-G1-2-E1-10-00B-3030-00000596,60,40,46,1
LS-THC-G1-2-E1-10-00B-3030-00000597,60,40,47,1
LS-THC-G1-2-E1-10-00B-3030-00000598,60,40,48,1
LS-THC-G1-2-E1-10-00B-3030-00000599,60,40,49,1
LS-THC-G1-2-E1-10-00B-3030-00000600,60,40,50,1
LS-THC-G1-2-E1-10-00B-3030-00000601,60,40,51,1
LS-THC-G1-2-E1-10-00B-3030-00000602,60,40,52,1
LS-THC-G1-2-E1-10-00B-3030-00000603,60,40,53,1
LS-THC-G1-2-E1-10-00B-3030-00000604,60,40,54,1
LS-THC-G1-2-E1-10-00B-3030-00000605,60,40,55,1
LS-THC-G1-2-E1-10-00B-3030-00000606,60,40,56,1
LS-THC-G1-2-E1-10-00B-3030-00000607,60,40,57,1
LS-THC-G1-2-E1-10-00B-3030-00000608,60,40,58,1
LS-THC-G1-2-E1-10-00B-3030-00000609,60,40,59,1
LS-THC-G1-2-E1-10-00B-3030-00000610,60,40,60,1
LS-THC-G1-2-E1-10-00B-3030-00000611,60,40,0,1.1
LS-THC-G1-2-E1-10-00B-3030-00000612,60,40,1,1.1
LS-THC-G1-2-E1-10-00B-3030-00000613,60,40,2,1.1
LS-THC-G1-2-E1-10-00B-3030-00000614,60,40,3,1.1
LS-THC-G1-2-E1-10-00B-3030-00000615,60,40,4,1.1
LS-THC-G1-2-E1-10-00B-3030-00000616,60,40,5,1.1
LS-THC-G1-2-E1-10-00B-3030-00000617,60,40,6,1.1
LS-THC-G1-2-E1-10-00B-3030-00000618,60,40,7,1.1
LS-THC-G1-2-E1-10-00B-3030-00000619,60,40,8,1.1
LS-THC-G1-2-E1-10-00B-3030-00000620,60,40,9,1.1
LS-THC-G1-2-E1-10-00B-3030-00000621,60,40,10,1.1
LS-THC-G1-2-E1-10-00B-3030-00000622,60,40,11,1.1
LS-THC-G1-2-E1-10-00B-3030-00000623,60,40,12,1.1
LS-THC-G1-2-E1-10-00B-3030-00000624,60,40,13,1.1
LS-THC-G1-2-E1-10-00B-3030-00000625,60,40,14,1.1
LS-THC-G1-2-E1-10-00B-3030-00000626,60,40,15,1.1
LS-THC-G1-2-E1-10-00B-3030-00000627,60,40,16,1.1
LS-THC-G1-2-E1-10-00B-3030-00000628,60,40,17,1.1
LS-THC-G1-2-E1-10-00B-3030-00000629,60,40,18,1.1
LS-THC-G1-2-E1-10-00B-3030-00000630,60,40,19,1.1
LS-THC-G1-2-E1-10-00B-3030-00000631,60,40,20,1.1
LS-THC-G1-2-E1-10-00B-3030-00000632,60,40,21,1.1
LS-THC-G1-2-E1-10-00B-3030-00000633,60,40,22,1.1
LS-THC-G1-2-E1-10-00B-3030-00000634,60,40,23,1.1
LS-THC-G1-2-E1-10-00B-3030-00000635,60,40,24,1.1
LS-THC-G1-2-E1-10-00B-3030-00000636,60,40,25,1.1
LS-THC-G1-2-E1-10-00B-3030-00000637,60,40,26,1.1
LS-THC-G1-2-E1-10-00B-3030-00000638,60,40,27,1.1
LS-THC-G1-2-E1-10-00B-3030-00000639,60,40,28,1.1
LS-THC-G1-2-E1-10-00B-3030-00000640,60,40,29,1.1
LS-THC-G1-2-E1-10-00B-3030-00000641,60,40,30,1.1
LS-THC-G1-2-E1-10-00B-3030-00000642,60,40,31,1.1
LS-THC-G1-2-E1-10-00B-3030-00000643,60,40,32,1.1
LS-THC-G1-2-E1-10-00B-3030-00000644,60,40,33,1.1
LS-THC-G1-2-E1-10-00B-3030-00000645,60,40,34,1.1
LS-THC-G1-2-E1-10-00B-3030-00000646,60,40,35,1.1
LS-THC-G1-2-E1-10-00B-3030-00000647,60,40,36,1.1
LS-THC-G1-2-E1-10-00B-3030-00000648,60,40,37,1.1
LS-THC-G1-2-E1-10-00B-3030-00000649,60,40,38,1.1
LS-THC-G1-2-E1-10-00B-3030-00000650,60,40,39,1.1
LS-THC-G1-2-E1-10-00B-3030-00000651,60,40,40,1.1
LS-THC-G1-2-E1-10-00B-3030-00000652,60,40,41,1.1
LS-THC-G1-2-E1-10-00B-3030-00000653,60,40,42,1.1
LS-THC-G1-2-E1-10-00B-3030-00000654,60,40,43,1.1
LS-THC-G1-2-E1-10-00B-3030-00000655,60,40,44,1.1
LS-THC-G1-2-E1-10-00B-3030-00000656,60,40,45,1.1
LS-THC-G1-2-E1-10-00B-3030-00000657,60,40,46,1.1
LS-THC-G1-2-E1-10-00B-3030-00000658,60,40,47,1.1
LS-THC-G1-2-E1-10-00B-3030-00000659,60,40,48,1.1
LS-THC-G1-2-E1-10-00B-3030-00000660,60,40,49,1.1
LS-THC-G1-2-E1-10-00B-3030-00000661,60,40,50,1.1
LS-THC-G1-2-E1-10-00B-3030-00000662,60,40,51,1.1
LS-THC-G1-2-E1-10-00B-3030-00000663,60,40,52,1.1
LS-THC-G1-2-E1-10-00B-3030-00000664,60,40,53,1.1
LS-THC-G1-2-E1-10-00B-3030-00000665,60,40,54,1.1
LS-THC-G1-2-E1-10-00B-3030-00000666,60,40,55,1.1
LS-THC-G1-2-E1-10-00B-3030-00000667,60,40,56,1.1
LS-THC-G1-2-E1-10-00B-3030-00000668,60,40,57,1.1
LS-THC-G1-2-E1-10-00B-3030-00000669,60,40,58,1.1
LS-THC-G1-2-E1-10-00B-3030-00000670,60,40,59,1.1
LS-THC-G1-2-E1-10-00B-3030-00000671,60,40,60,1.1
LS-THC-G1-2-E1-10-00B-3030-00000672,60,40,0,1.2
LS-THC-G1-2-E1-10-00B-3030-00000673,60,40,1,1.2
LS-THC-G1-2-E1-10-00B-3030-00000674,60,40,2,1.2
LS-THC-G1-2-E1-10-00B-3030-00000675,60,40,3,1.2
LS-THC-G1-2-E1-10-00B-3030-00000676,60,40,4,1.2
LS-THC-G1-2-E1-10-00B-3030-00000677,60,40,5,1.2
LS-THC-G1-2-E1-10-00B-3030-00000678,60,40,6,1.2
LS-THC-G1-2-E1-10-00B-3030-00000679,60,40,7,1.2
LS-THC-G1-2-E1-10-00B-3030-00000680,60,40,8,1.2
LS-THC-G1-2-E1-10-00B-3030-00000681,60,40,9,1.2
LS-THC-G1-2-E1-10-00B-3030-00000682,60,40,10,1.2
LS-THC-G1-2-E1-10-00B-3030-00000683,60,40,11,1.2
LS-THC-G1-2-E1-10-00B-3030-00000684,60,40,12,1.2
LS-THC-G1-2-E1-10-00B-3030-00000685,60,40,13,1.2
LS-THC-G1-2-E1-10-00B-3030-00000686,60,40,14,1.2
LS-THC-G1-2-E1-10-00B-3030-00000687,60,40,15,1.2
LS-THC-G1-2-E1-10-00B-3030-00000688,60,40,16,1.2
LS-THC-G1-2-E1-10-00B-3030-00000689,60,40,17,1.2
LS-THC-G1-2-E1-10-00B-3030-00000690,60,40,18,1.2
LS-THC-G1-2-E1-10-00B-3030-00000691,60,40,19,1.2
LS-THC-G1-2-E1-10-00B-3030-00000692,60,40,20,1.2
LS-THC-G1-2-E1-10-00B-3030-00000693,60,40,21,1.2
LS-THC-G1-2-E1-10-00B-3030-00000694,60,40,22,1.2
LS-THC-G1-2-E1-10-00B-3030-00000695,60,40,23,1.2
LS-THC-G1-2-E1-10-00B-3030-00000696,60,40,24,1.2
LS-THC-G1-2-E1-10-00B-3030-00000697,60,40,25,1.2
LS-THC-G1-2-E1-10-00B-3030-00000698,60,40,26,1.2
LS-THC-G1-2-E1-10-00B-3030-00000699,60,40,27,1.2
LS-THC-G1-2-E1-10-00B-3030-00000700,60,40,28,1.2
LS-THC-G1-2-E1-10-00B-3030-00000701,60,40,29,1.2
LS-THC-G1-2-E1-10-00B-3030-00000702,60,40,30,1.2
LS-THC-G1-2-E1-10-00B-3030-00000703,60,40,31,1.2
LS-THC-G1-2-E1-10-00B-3030-00000704,60,40,32,1.2
LS-THC-G1-2-E1-10-00B-3030-00000705,60,40,33,1.2
LS-THC-G1-2-E1-10-00B-3030-00000706,60,40,34,1.2
LS-THC-G1-2-E1-10-00B-3030-00000707,60,40,35,1.2
LS-THC-G1-2-E1-10-00B-3030-00000708,60,40,36,1.2
LS-THC-G1-2-E1-10-00B-3030-00000709,60,40,37,1.2
LS-THC-G1-2-E1-10-00B-3030-00000710,60,40,38,1.2
LS-THC-G1-2-E1-10-00B-3030-00000711,60,40,39,1.2
LS-THC-G1-2-E1-10-00B-3030-00000712,60,40,40,1.2
LS-THC-G1-2-E1-10-00B-3030-00000713,60,40,41,1.2
LS-THC-G1-2-E1-10-00B-3030-00000714,60,40,42,1.2
LS-THC-G1-2-E1-10-00B-3030-00000715,60,40,43,1.2
LS-THC-G1-2-E1-10-00B-3030-00000716,60,40,44,1.2
LS-THC-G1-2-E1-10-00B-3030-00000717,60,40,45,1.2
LS-THC-G1-2-E1-10-00B-3030-00000718,60,40,46,1.2
LS-THC-G1-2-E1-10-00B-3030-00000719,60,40,47,1.2
LS-THC-G1-2-E1-10-00B-3030-00000720,60,40,48,1.2
LS-THC-G1-2-E1-10-00B-3030-00000721,60,40,49,1.2
LS-THC-G1-2-E1-10-00B-3030-00000722,60,40,50,1.2
LS-THC-G1-2-E1-10-00B-3030-00000723,60,40,51,1.2
LS-THC-G1-2-E1-10-00B-3030-00000724,60,40,52,1.2
LS-THC-G1-2-E1-10-00B-3030-00000725,60,40,53,1.2
LS-THC-G1-2-E1-10-00B-3030-00000726,60,40,54,1.2
LS-THC-G1-2-E1-10-00B-3030-00000727,60,40,55,1.2
LS-THC-G1-2-E1-10-00B-3030-00000728,60,40,56,1.2
LS-THC-G1-2-E1-10-00B-3030-00000729,60,40,57,1.2
LS-THC-G1-2-E1-10-00B-3030-00000730,60,40,58,1.2
LS-THC-G1-2-E1-10-00B-3030-00000731,60,40,59,1.2
LS-THC-G1-2-E1-10-00B-3030-00000732,60,40,60,1.2
LS-THC-G1-2-E1-10-00B-3030-00000733,60,40,0,1.3
LS-THC-G1-2-E1-10-00B-3030-00000734,60,40,1,1.3
LS-THC-G1-2-E1-10-00B-3030-00000735,60,40,2,1.3
LS-THC-G1-2-E1-10-00B-3030-00000736,60,40,3,1.3
LS-THC-G1-2-E1-10-00B-3030-00000737,60,40,4,1.3
LS-THC-G1-2-E1-10-00B-3030-00000738,60,40,5,1.3
LS-THC-G1-2-E1-10-00B-3030-00000739,60,40,6,1.3
LS-THC-G1-2-E1-10-00B-3030-00000740,60,40,7,1.3
LS-THC-G1-2-E1-10-00B-3030-00000741,60,40,8,1.3
LS-THC-G1-2-E1-10-00B-3030-00000742,60,40,9,1.3
LS-THC-G1-2-E1-10-00B-3030-00000743,60,40,10,1.3
LS-THC-G1-2-E1-10-00B-3030-00000744,60,40,11,1.3
LS-THC-G1-2-E1-10-00B-3030-00000745,60,40,12,1.3
LS-THC-G1-2-E1-10-00B-3030-00000746,60,40,13,1.3
LS-THC-G1-2-E1-10-00B-3030-00000747,60,40,14,1.3
LS-THC-G1-2-E1-10-00B-3030-00000748,60,40,15,1.3
LS-THC-G1-2-E1-10-00B-3030-00000749,60,40,16,1.3
LS-THC-G1-2-E1-10-00B-3030-00000750,60,40,17,1.3
LS-THC-G1-2-E1-10-00B-3030-00000751,60,40,18,1.3
LS-THC-G1-2-E1-10-00B-3030-00000752,60,40,19,1.3
LS-THC-G1-2-E1-10-00B-3030-00000753,60,40,20,1.3
LS-THC-G1-2-E1-10-00B-3030-00000754,60,40,21,1.3
LS-THC-G1-2-E1-10-00B-3030-00000755,60,40,22,1.3
LS-THC-G1-2-E1-10-00B-3030-00000756,60,40,23,1.3
LS-THC-G1-2-E1-10-00B-3030-00000757,60,40,24,1.3
LS-THC-G1-2-E1-10-00B-3030-00000758,60,40,25,1.3
LS-THC-G1-2-E1-10-00B-3030-00000759,60,40,26,1.3
LS-THC-G1-2-E1-10-00B-3030-00000760,60,40,27,1.3
LS-THC-G1-2-E1-10-00B-3030-00000761,60,40,28,1.3
LS-THC-G1-2-E1-10-00B-3030-00000762,60,40,29,1.3
LS-THC-G1-2-E1-10-00B-3030-00000763,60,40,30,1.3
LS-THC-G1-2-E1-10-00B-3030-00000764,60,40,31,1.3
LS-THC-G1-2-E1-10-00B-3030-00000765,60,40,32,1.3
LS-THC-G1-2-E1-10-00B-3030-00000766,60,40,33,1.3
LS-THC-G1-2-E1-10-00B-3030-00000767,60,40,34,1.3
LS-THC-G1-2-E1-10-00B-3030-00000768,60,40,35,1.3
LS-THC-G1-2-E1-10-00B-3030-00000769,60,40,36,1.3
LS-THC-G1-2-E1-10-00B-3030-00000770,60,40,37,1.3
LS-THC-G1-2-E1-10-00B-3030-00000771,60,40,38,1.3
LS-THC-G1-2-E1-10-00B-3030-00000772,60,40,39,1.3
LS-THC-G1-2-E1-10-00B-3030-00000773,60,40,40,1.3
LS-THC-G1-2-E1-10-00B-3030-00000774,60,40,41,1.3
LS-THC-G1-2-E1-10-00B-3030-00000775,60,40,42,1.3
LS-THC-G1-2-E1-10-00B-3030-00000776,60,40,43,1.3
LS-THC-G1-2-E1-10-00B-3030-00000777,60,40,44,1.3
LS-THC-G1-2-E1-10-00B-3030-00000778,60,40,45,1.3
LS-THC-G1-2-E1-10-00B-3030-00000779,60,40,46,1.3
LS-THC-G1-2-E1-10-00B-3030-00000780,60,40,47,1.3
LS-THC-G1-2-E1-10-00B-3030-00000781,60,40,48,1.3
LS-THC-G1-2-E1-10-00B-3030-00000782,60,40,49,1.3
LS-THC-G1-2-E1-10-00B-3030-00000783,60,40,50,1.3
LS-THC-G1-2-E1-10-00B-3030-00000784,60,40,51,1.3
LS-THC-G1-2-E1-10-00B-3030-00000785,60,40,52,1.3
LS-THC-G1-2-E1-10-00B-3030-00000786,60,40,53,1.3
LS-THC-G1-2-E1-10-00B-3030-00000787,60,40,54,1.3
LS-THC-G1-2-E1-10-00B-3030-00000788,60,40,55,1.3
LS-THC-G1-2-E1-10-00B-3030-00000789,60,40,56,1.3
LS-THC-G1-2-E1-10-00B-3030-00000790,60,40,57,1.3
LS-THC-G1-2-E1-10-00B-3030-00000791,60,40,58,1.3
LS-THC-G1-2-E1-10-00B-3030-00000792,60,40,59,1.3
LS-THC-G1-2-E1-10-00B-3030-00000793,60,40,60,1.3
LS-THC-G1-2-E1-10-00B-3030-00000794,60,40,0,1.4
LS-THC-G1-2-E1-10-00B-3030-00000795,60,40,1,1.4
LS-THC-G1-2-E1-10-00B-3030-00000796,60,40,2,1.4
LS-THC-G1-2-E1-10-00B-3030-00000797,60,40,3,1.4
LS-THC-G1-2-E1-10-00B-3030-00000798,60,40,4,1.4
LS-THC-G1-2-E1-10-00B-3030-00000799,60,40,5,1.4
LS-THC-G1-2-E1-10-00B-3030-00000800,60,40,6,1.4
LS-THC-G1-2-E1-10-00B-3030-00000801,60,40,7,1.4
LS-THC-G1-2-E1-10-00B-3030-00000802,60,40,8,1.4
LS-THC-G1-2-E1-10-00B-3030-00000803,60,40,9,1.4
LS-THC-G1-2-E1-10-00B-3030-00000804,60,40,10,1.4
LS-THC-G1-2-E1-10-00B-3030-00000805,60,40,11,1.4
LS-THC-G1-2-E1-10-00B-3030-00000806,60,40,12,1.4
LS-THC-G1-2-E1-10-00B-3030-00000807,60,40,13,1.4
LS-THC-G1-2-E1-10-00B-3030-00000808,60,40,14,1.4
LS-THC-G1-2-E1-10-00B-3030-00000809,60,40,15,1.4
LS-THC-G1-2-E1-10-00B-3030-00000810,60,40,16,1.4
LS-THC-G1-2-E1-10-00B-3030-00000811,60,40,17,1.4
LS-THC-G1-2-E1-10-00B-3030-00000812,60,40,18,1.4
LS-THC-G1-2-E1-10-00B-3030-00000813,60,40,19,1.4
LS-THC-G1-2-E1-10-00B-3030-00000814,60,40,20,1.4
LS-THC-G1-2-E1-10-00B-3030-00000815,60,40,21,1.4
LS-THC-G1-2-E1-10-00B-3030-00000816,60,40,22,1.4
LS-THC-G1-2-E1-10-00B-3030-00000817,60,40,23,1.4
LS-THC-G1-2-E1-10-00B-3030-00000818,60,40,24,1.4
LS-THC-G1-2-E1-10-00B-3030-00000819,60,40,25,1.4
LS-THC-G1-2-E1-10-00B-3030-00000820,60,40,26,1.4
LS-THC-G1-2-E1-10-00B-3030-00000821,60,40,27,1.4
LS-THC-G1-2-E1-10-00B-3030-00000822,60,40,28,1.4
LS-THC-G1-2-E1-10-00B-3030-00000823,60,40,29,1.4
LS-THC-G1-2-E1-10-00B-3030-00000824,60,40,30,1.4
LS-THC-G1-2-E1-10-00B-3030-00000825,60,40,31,1.4
LS-THC-G1-2-E1-10-00B-3030-00000826,60,40,32,1.4
LS-THC-G1-2-E1-10-00B-3030-00000827,60,40,33,1.4
LS-THC-G1-2-E1-10-00B-3030-00000828,60,40,34,1.4
LS-THC-G1-2-E1-10-00B-3030-00000829,60,40,35,1.4
LS-THC-G1-2-E1-10-00B-3030-00000830,60,40,36,1.4
LS-THC-G1-2-E1-10-00B-3030-00000831,60,40,37,1.4
LS-THC-G1-2-E1-10-00B-3030-00000832,60,40,38,1.4
LS-THC-G1-2-E1-10-00B-3030-00000833,60,40,39,1.4
LS-THC-G1-2-E1-10-00B-3030-00000834,60,40,40,1.4
LS-THC-G1-2-E1-10-00B-3030-00000835,60,40,41,1.4
LS-THC-G1-2-E1-10-00B-3030-00000836,60,40,42,1.4
LS-THC-G1-2-E1-10-00B-3030-00000837,60,40,43,1.4
LS-THC-G1-2-E1-10-00B-3030-00000838,60,40,44,1.4
LS-THC-G1-2-E1-10-00B-3030-00000839,60,40,45,1.4
LS-THC-G1-2-E1-10-00B-3030-00000840,60,40,46,1.4
LS-THC-G1-2-E1-10-00B-3030-00000841,60,40,47,1.4
LS-THC-G1-2-E1-10-00B-3030-00000842,60,40,48,1.4
LS-THC-G1-2-E1-10-00B-3030-00000843,60,40,49,1.4
LS-THC-G1-2-E1-10-00B-3030-00000844,60,40,50,1.4
LS-THC-G1-2-E1-10-00B-3030-00000845,60,40,51,1.4
LS-THC-G1-2-E1-10-00B-3030-00000846,60,40,52,1.4
LS-THC-G1-2-E1-10-00B-3030-00000847,60,40,53,1.4
LS-THC-G1-2-E1-10-00B-3030-00000848,60,40,54,1.4
LS-THC-G1-2-E1-10-00B-3030-00000849,60,40,55,1.4
LS-THC-G1-2-E1-10-00B-3030-00000850,60,40,56,1.4
LS-THC-G1-2-E1-10-00B-3030-00000851,60,40,57,1.4
LS-THC-G1-2-E1-10-00B-3030-00000852,60,40,58,1.4
LS-THC-G1-2-E1-10-00B-3030-00000853,60,40,59,1.4
LS-THC-G1-2-E1-10-00B-3030-00000854,60,40,60,1.4
LS-THC-G1-2-E1-10-00B-3030-00000855,60,40,0,1.5
LS-THC-G1-2-E1-10-00B-3030-00000856,60,40,1,1.5
LS-THC-G1-2-E1-10-00B-3030-00000857,60,40,2,1.5
LS-THC-G1-2-E1-10-00B-3030-00000858,60,40,3,1.5
LS-THC-G1-2-E1-10-00B-3030-00000859,60,40,4,1.5
LS-THC-G1-2-E1-10-00B-3030-00000860,60,40,5,1.5
LS-THC-G1-2-E1-10-00B-3030-00000861,60,40,6,1.5
LS-THC-G1-2-E1-10-00B-3030-00000862,60,40,7,1.5
LS-THC-G1-2-E1-10-00B-3030-00000863,60,40,8,1.5
LS-THC-G1-2-E1-10-00B-3030-00000864,60,40,9,1.5
LS-THC-G1-2-E1-10-00B-3030-00000865,60,40,10,1.5
LS-THC-G1-2-E1-10-00B-3030-00000866,60,40,11,1.5
LS-THC-G1-2-E1-10-00B-3030-00000867,60,40,12,1.5
LS-THC-G1-2-E1-10-00B-3030-00000868,60,40,13,1.5
LS-THC-G1-2-E1-10-00B-3030-00000869,60,40,14,1.5
LS-THC-G1-2-E1-10-00B-3030-00000870,60,40,15,1.5
LS-THC-G1-2-E1-10-00B-3030-00000871,60,40,16,1.5
LS-THC-G1-2-E1-10-00B-3030-00000872,60,40,17,1.5
LS-THC-G1-2-E1-10-00B-3030-00000873,60,40,18,1.5
LS-THC-G1-2-E1-10-00B-3030-00000874,60,40,19,1.5
LS-THC-G1-2-E1-10-00B-3030-00000875,60,40,20,1.5
LS-THC-G1-2-E1-10-00B-3030-00000876,60,40,21,1.5
LS-THC-G1-2-E1-10-00B-3030-00000877,60,40,22,1.5
LS-THC-G1-2-E1-10-00B-3030-00000878,60,40,23,1.5
LS-THC-G1-2-E1-10-00B-3030-00000879,60,40,24,1.5
LS-THC-G1-2-E1-10-00B-3030-00000880,60,40,25,1.5
LS-THC-G1-2-E1-10-00B-3030-00000881,60,40,26,1.5
LS-THC-G1-2-E1-10-00B-3030-00000882,60,40,27,1.5
LS-THC-G1-2-E1-10-00B-3030-00000883,60,40,28,1.5
LS-THC-G1-2-E1-10-00B-3030-00000884,60,40,29,1.5
LS-THC-G1-2-E1-10-00B-3030-00000885,60,40,30,1.5
LS-THC-G1-2-E1-10-00B-3030-00000886,60,40,31,1.5
LS-THC-G1-2-E1-10-00B-3030-00000887,60,40,32,1.5
LS-THC-G1-2-E1-10-00B-3030-00000888,60,40,33,1.5
LS-THC-G1-2-E1-10-00B-3030-00000889,60,40,34,1.5
LS-THC-G1-2-E1-10-00B-3030-00000890,60,40,35,1.5
LS-THC-G1-2-E1-10-00B-3030-00000891,60,40,36,1.5
LS-THC-G1-2-E1-10-00B-3030-00000892,60,40,37,1.5
LS-THC-G1-2-E1-10-00B-3030-00000893,60,40,38,1.5
LS-THC-G1-2-E1-10-00B-3030-00000894,60,40,39,1.5
LS-THC-G1-2-E1-10-00B-3030-00000895,60,40,40,1.5
LS-THC-G1-2-E1-10-00B-3030-00000896,60,40,41,1.5
LS-THC-G1-2-E1-10-00B-3030-00000897,60,40,42,1.5
LS-THC-G1-2-E1-10-00B-3030-00000898,60,40,43,1.5
LS-THC-G1-2-E1-10-00B-3030-00000899,60,40,44,1.5
LS-THC-G1-2-E1-10-00B-3030-00000900,60,40,45,1.5
LS-THC-G1-2-E1-10-00B-3030-00000901,60,40,46,1.5
LS-THC-G1-2-E1-10-00B-3030-00000902,60,40,47,1.5
LS-THC-G1-2-E1-10-00B-3030-00000903,60,40,48,1.5
LS-THC-G1-2-E1-10-00B-3030-00000904,60,40,49,1.5
LS-THC-G1-2-E1-10-00B-3030-00000905,60,40,50,1.5
LS-THC-G1-2-E1-10-00B-3030-00000906,60,40,51,1.5
LS-THC-G1-2-E1-10-00B-3030-00000907,60,40,52,1.5
LS-THC-G1-2-E1-10-00B-3030-00000908,60,40,53,1.5
LS-THC-G1-2-E1-10-00B-3030-00000909,60,40,54,1.5
LS-THC-G1-2-E1-10-00B-3030-00000910,60,40,55,1.5
LS-THC-G1-2-E1-10-00B-3030-00000911,60,40,56,1.5
LS-THC-G1-2-E1-10-00B-3030-00000912,60,40,57,1.5
LS-THC-G1-2-E1-10-00B-3030-00000913,60,40,58,1.5
LS-THC-G1-2-E1-10-00B-3030-00000914,60,40,59,1.5
LS-THC-G1-2-E1-10-00B-3030-00000915,60,40,60,1.5
LS-THC-G1-2-E1-10-00B-3030-00000916,60,40,0,1.6
LS-THC-G1-2-E1-10-00B-3030-00000917,60,40,1,1.6
LS-THC-G1-2-E1-10-00B-3030-00000918,60,40,2,1.6
LS-THC-G1-2-E1-10-00B-3030-00000919,60,40,3,1.6
LS-THC-G1-2-E1-10-00B-3030-00000920,60,40,4,1.6
LS-THC-G1-2-E1-10-00B-3030-00000921,60,40,5,1.6
LS-THC-G1-2-E1-10-00B-3030-00000922,60,40,6,1.6
LS-THC-G1-2-E1-10-00B-3030-00000923,60,40,7,1.6
LS-THC-G1-2-E1-10-00B-3030-00000924,60,40,8,1.6
LS-THC-G1-2-E1-10-00B-3030-00000925,60,40,9,1.6
LS-THC-G1-2-E1-10-00B-3030-00000926,60,40,10,1.6
LS-THC-G1-2-E1-10-00B-3030-00000927,60,40,11,1.6
LS-THC-G1-2-E1-10-00B-3030-00000928,60,40,12,1.6
LS-THC-G1-2-E1-10-00B-3030-00000929,60,40,13,1.6
LS-THC-G1-2-E1-10-00B-3030-00000930,60,40,14,1.6
LS-THC-G1-2-E1-10-00B-3030-00000931,60,40,15,1.6
LS-THC-G1-2-E1-10-00B-3030-00000932,60,40,16,1.6
LS-THC-G1-2-E1-10-00B-3030-00000933,60,40,17,1.6
LS-THC-G1-2-E1-10-00B-3030-00000934,60,40,18,1.6
LS-THC-G1-2-E1-10-00B-3030-00000935,60,40,19,1.6
LS-THC-G1-2-E1-10-00B-3030-00000936,60,40,20,1.6
LS-THC-G1-2-E1-10-00B-3030-00000937,60,40,21,1.6
LS-THC-G1-2-E1-10-00B-3030-00000938,60,40,22,1.6
LS-THC-G1-2-E1-10-00B-3030-00000939,60,40,23,1.6
LS-THC-G1-2-E1-10-00B-3030-00000940,60,40,24,1.6
LS-THC-G1-2-E1-10-00B-3030-00000941,60,40,25,1.6
LS-THC-G1-2-E1-10-00B-3030-00000942,60,40,26,1.6
LS-THC-G1-2-E1-10-00B-3030-00000943,60,40,27,1.6
LS-THC-G1-2-E1-10-00B-3030-00000944,60,40,28,1.6
LS-THC-G1-2-E1-10-00B-3030-00000945,60,40,29,1.6
LS-THC-G1-2-E1-10-00B-3030-00000946,60,40,30,1.6
LS-THC-G1-2-E1-10-00B-3030-00000947,60,40,31,1.6
LS-THC-G1-2-E1-10-00B-3030-00000948,60,40,32,1.6
LS-THC-G1-2-E1-10-00B-3030-00000949,60,40,33,1.6
LS-THC-G1-2-E1-10-00B-3030-00000950,60,40,34,1.6
LS-THC-G1-2-E1-10-00B-3030-00000951,60,40,35,1.6
LS-THC-G1-2-E1-10-00B-3030-00000952,60,40,36,1.6
LS-THC-G1-2-E1-10-00B-3030-00000953,60,40,37,1.6
LS-THC-G1-2-E1-10-00B-3030-00000954,60,40,38,1.6
LS-THC-G1-2-E1-10-00B-3030-00000955,60,40,39,1.6
LS-THC-G1-2-E1-10-00B-3030-00000956,60,40,40,1.6
LS-THC-G1-2-E1-10-00B-3030-00000957,60,40,41,1.6
LS-THC-G1-2-E1-10-00B-3030-00000958,60,40,42,1.6
LS-THC-G1-2-E1-10-00B-3030-00000959,60,40,43,1.6
LS-THC-G1-2-E1-10-00B-3030-00000960,60,40,44,1.6
LS-THC-G1-2-E1-10-00B-3030-00000961,60,40,45,1.6
LS-THC-G1-2-E1-10-00B-3030-00000962,60,40,46,1.6
LS-THC-G1-2-E1-10-00B-3030-00000963,60,40,47,1.6
LS-THC-G1-2-E1-10-00B-3030-00000964,60,40,48,1.6
LS-THC-G1-2-E1-10-00B-3030-00000965,60,40,49,1.6
LS-THC-G1-2-E1-10-00B-3030-00000966,60,40,50,1.6
LS-THC-G1-2-E1-10-00B-3030-00000967,60,40,51,1.6
LS-THC-G1-2-E1-10-00B-3030-00000968,60,40,52,1.6
LS-THC-G1-2-E1-10-00B-3030-00000969,60,40,53,1.6
LS-THC-G1-2-E1-10-00B-3030-00000970,60,40,54,1.6
LS-THC-G1-2-E1-10-00B-3030-00000971,60,40,55,1.6
LS-THC-G1-2-E1-10-00B-3030-00000972,60,40,56,1.6
LS-THC-G1-2-E1-10-00B-3030-00000973,60,40,57,1.6
LS-THC-G1-2-E1-10-00B-3030-00000974,60,40,58,1.6
LS-THC-G1-2-E1-10-00B-3030-00000975,60,40,59,1.6
LS-THC-G1-2-E1-10-00B-3030-00000976,60,40,60,1.6
LS-THC-G1-2-E1-10-00B-3030-00000977,60,40,0,1.7
LS-THC-G1-2-E1-10-00B-3030-00000978,60,40,1,1.7
LS-THC-G1-2-E1-10-00B-3030-00000979,60,40,2,1.7
LS-THC-G1-2-E1-10-00B-3030-00000980,60,40,3,1.7
LS-THC-G1-2-E1-10-00B-3030-00000981,60,40,4,1.7
LS-THC-G1-2-E1-10-00B-3030-00000982,60,40,5,1.7
LS-THC-G1-2-E1-10-00B-3030-00000983,60,40,6,1.7
LS-THC-G1-2-E1-10-00B-3030-00000984,60,40,7,1.7
LS-THC-G1-2-E1-10-00B-3030-00000985,60,40,8,1.7
LS-THC-G1-2-E1-10-00B-3030-00000986,60,40,9,1.7
LS-THC-G1-2-E1-10-00B-3030-00000987,60,40,10,1.7
LS-THC-G1-2-E1-10-00B-3030-00000988,60,40,11,1.7
LS-THC-G1-2-E1-10-00B-3030-00000989,60,40,12,1.7
LS-THC-G1-2-E1-10-00B-3030-00000990,60,40,13,1.7
LS-THC-G1-2-E1-10-00B-3030-00000991,60,40,14,1.7
LS-THC-G1-2-E1-10-00B-3030-00000992,60,40,15,1.7
LS-THC-G1-2-E1-10-00B-3030-00000993,60,40,16,1.7
LS-THC-G1-2-E1-10-00B-3030-00000994,60,40,17,1.7
LS-THC-G1-2-E1-10-00B-3030-00000995,60,40,18,1.7
LS-THC-G1-2-E1-10-00B-3030-00000996,60,40,19,1.7
LS-THC-G1-2-E1-10-00B-3030-00000997,60,40,20,1.7
LS-THC-G1-2-E1-10-00B-3030-00000998,60,40,21,1.7
LS-THC-G1-2-E1-10-00B-3030-00000999,60,40,22,1.7
LS-THC-G1-2-E1-10-00B-3030-00001000,60,40,23,1.7
LS-THC-G1-2-E1-10-00B-3030-00001001,60,40,24,1.7
LS-THC-G1-2-E1-10-00B-3030-00001002,60,40,25,1.7
LS-THC-G1-2-E1-10-00B-3030-00001003,60,40,26,1.7
LS-THC-G1-2-E1-10-00B-3030-00001004,60,40,27,1.7
LS-THC-G1-2-E1-10-00B-3030-00001005,60,40,28,1.7
LS-THC-G1-2-E1-10-00B-3030-00001006,60,40,29,1.7
LS-THC-G1-2-E1-10-00B-3030-00001007,60,40,30,1.7
LS-THC-G1-2-E1-10-00B-3030-00001008,60,40,31,1.7
LS-THC-G1-2-E1-10-00B-3030-00001009,60,40,32,1.7
LS-THC-G1-2-E1-10-00B-3030-00001010,60,40,33,1.7
LS-THC-G1-2-E1-10-00B-3030-00001011,60,40,34,1.7
LS-THC-G1-2-E1-10-00B-3030-00001012,60,40,35,1.7
LS-THC-G1-2-E1-10-00B-3030-00001013,60,40,36,1.7
LS-THC-G1-2-E1-10-00B-3030-00001014,60,40,37,1.7
LS-THC-G1-2-E1-10-00B-3030-00001015,60,40,38,1.7
LS-THC-G1-2-E1-10-00B-3030-00001016,60,40,39,1.7
LS-THC-G1-2-E1-10-00B-3030-00001017,60,40,40,1.7
LS-THC-G1-2-E1-10-00B-3030-00001018,60,40,41,1.7
LS-THC-G1-2-E1-10-00B-3030-00001019,60,40,42,1.7
LS-THC-G1-2-E1-10-00B-3030-00001020,60,40,43,1.7
LS-THC-G1-2-E1-10-00B-3030-00001021,60,40,44,1.7
LS-THC-G1-2-E1-10-00B-3030-00001022,60,40,45,1.7
LS-THC-G1-2-E1-10-00B-3030-00001023,60,40,46,1.7
LS-THC-G1-2-E1-10-00B-3030-00001024,60,40,47,1.7
LS-THC-G1-2-E1-10-00B-3030-00001025,60,40,48,1.7
LS-THC-G1-2-E1-10-00B-3030-00001026,60,40,49,1.7
LS-THC-G1-2-E1-10-00B-3030-00001027,60,40,50,1.7
LS-THC-G1-2-E1-10-00B-3030-00001028,60,40,51,1.7
LS-THC-G1-2-E1-10-00B-3030-00001029,60,40,52,1.7
LS-THC-G1-2-E1-10-00B-3030-00001030,60,40,53,1.7
LS-THC-G1-2-E1-10-00B-3030-00001031,60,40,54,1.7
LS-THC-G1-2-E1-10-00B-3030-00001032,60,40,55,1.7
LS-THC-G1-2-E1-10-00B-3030-00001033,60,40,56,1.7
LS-THC-G1-2-E1-10-00B-3030-00001034,60,40,57,1.7
LS-THC-G1-2-E1-10-00B-3030-00001035,60,40,58,1.7
LS-THC-G1-2-E1-10-00B-3030-00001036,60,40,59,1.7
LS-THC-G1-2-E1-10-00B-3030-00001037,60,40,60,1.7
LS-THC-G1-2-E1-10-00B-3030-00001038,60,40,0,1.8
LS-THC-G1-2-E1-10-00B-3030-00001039,60,40,1,1.8
LS-THC-G1-2-E1-10-00B-3030-00001040,60,40,2,1.8
LS-THC-G1-2-E1-10-00B-3030-00001041,60,40,3,1.8
LS-THC-G1-2-E1-10-00B-3030-00001042,60,40,4,1.8
LS-THC-G1-2-E1-10-00B-3030-00001043,60,40,5,1.8
LS-THC-G1-2-E1-10-00B-3030-00001044,60,40,6,1.8
LS-THC-G1-2-E1-10-00B-3030-00001045,60,40,7,1.8
LS-THC-G1-2-E1-10-00B-3030-00001046,60,40,8,1.8
LS-THC-G1-2-E1-10-00B-3030-00001047,60,40,9,1.8
LS-THC-G1-2-E1-10-00B-3030-00001048,60,40,10,1.8
LS-THC-G1-2-E1-10-00B-3030-00001049,60,40,11,1.8
LS-THC-G1-2-E1-10-00B-3030-00001050,60,40,12,1.8
LS-THC-G1-2-E1-10-00B-3030-00001051,60,40,13,1.8
LS-THC-G1-2-E1-10-00B-3030-00001052,60,40,14,1.8
LS-THC-G1-2-E1-10-00B-3030-00001053,60,40,15,1.8
LS-THC-G1-2-E1-10-00B-3030-00001054,60,40,16,1.8
LS-THC-G1-2-E1-10-00B-3030-00001055,60,40,17,1.8
LS-THC-G1-2-E1-10-00B-3030-00001056,60,40,18,1.8
LS-THC-G1-2-E1-10-00B-3030-00001057,60,40,19,1.8
LS-THC-G1-2-E1-10-00B-3030-00001058,60,40,20,1.8
LS-THC-G1-2-E1-10-00B-3030-00001059,60,40,21,1.8
LS-THC-G1-2-E1-10-00B-3030-00001060,60,40,22,1.8
LS-THC-G1-2-E1-10-00B-3030-00001061,60,40,23,1.8
LS-THC-G1-2-E1-10-00B-3030-00001062,60,40,24,1.8
LS-THC-G1-2-E1-10-00B-3030-00001063,60,40,25,1.8
LS-THC-G1-2-E1-10-00B-3030-00001064,60,40,26,1.8
LS-THC-G1-2-E1-10-00B-3030-00001065,60,40,27,1.8
LS-THC-G1-2-E1-10-00B-3030-00001066,60,40,28,1.8
LS-THC-G1-2-E1-10-00B-3030-00001067,60,40,29,1.8
LS-THC-G1-2-E1-10-00B-3030-00001068,60,40,30,1.8
LS-THC-G1-2-E1-10-00B-3030-00001069,60,40,31,1.8
LS-THC-G1-2-E1-10-00B-3030-00001070,60,40,32,1.8
LS-THC-G1-2-E1-10-00B-3030-00001071,60,40,33,1.8
LS-THC-G1-2-E1-10-00B-3030-00001072,60,40,34,1.8
LS-THC-G1-2-E1-10-00B-3030-00001073,60,40,35,1.8
LS-THC-G1-2-E1-10-00B-3030-00001074,60,40,36,1.8
LS-THC-G1-2-E1-10-00B-3030-00001075,60,40,37,1.8
LS-THC-G1-2-E1-10-00B-3030-00001076,60,40,38,1.8
LS-THC-G1-2-E1-10-00B-3030-00001077,60,40,39,1.8
LS-THC-G1-2-E1-10-00B-3030-00001078,60,40,40,1.8
LS-THC-G1-2-E1-10-00B-3030-00001079,60,40,41,1.8
LS-THC-G1-2-E1-10-00B-3030-00001080,60,40,42,1.8
LS-THC-G1-2-E1-10-00B-3030-00001081,60,40,43,1.8
LS-THC-G1-2-E1-10-00B-3030-00001082,60,40,44,1.8
LS-THC-G1-2-E1-10-00B-3030-00001083,60,40,45,1.8
LS-THC-G1-2-E1-10-00B-3030-00001084,60,40,46,1.8
LS-THC-G1-2-E1-10-00B-3030-00001085,60,40,47,1.8
LS-THC-G1-2-E1-10-00B-3030-00001086,60,40,48,1.8
LS-THC-G1-2-E1-10-00B-3030-00001087,60,40,49,1.8
LS-THC-G1-2-E1-10-00B-3030-00001088,60,40,50,1.8
LS-THC-G1-2-E1-10-00B-3030-00001089,60,40,51,1.8
LS-THC-G1-2-E1-10-00B-3030-00001090,60,40,52,1.8
LS-THC-G1-2-E1-10-00B-3030-00001091,60,40,53,1.8
LS-THC-G1-2-E1-10-00B-3030-00001092,60,40,54,1.8
LS-THC-G1-2-E1-10-00B-3030-00001093,60,40,55,1.8
LS-THC-G1-2-E1-10-00B-3030-00001094,60,40,56,1.8
LS-THC-G1-2-E1-10-00B-3030-00001095,60,40,57,1.8
LS-THC-G1-2-E1-10-00B-3030-00001096,60,40,58,1.8
LS-THC-G1-2-E1-10-00B-3030-00001097,60,40,59,1.8
LS-THC-G1-2-E1-10-00B-3030-00001098,60,40,60,1.8
LS-THC-G1-2-E1-10-00B-3030-00001099,60,40,0,1.9
LS-THC-G1-2-E1-10-00B-3030-00001100,60,40,1,1.9
LS-THC-G1-2-E1-10-00B-3030-00001101,60,40,2,1.9
LS-THC-G1-2-E1-10-00B-3030-00001102,60,40,3,1.9
LS-THC-G1-2-E1-10-00B-3030-00001103,60,40,4,1.9
LS-THC-G1-2-E1-10-00B-3030-00001104,60,40,5,1.9
LS-THC-G1-2-E1-10-00B-3030-00001105,60,40,6,1.9
LS-THC-G1-2-E1-10-00B-3030-00001106,60,40,7,1.9
LS-THC-G1-2-E1-10-00B-3030-00001107,60,40,8,1.9
LS-THC-G1-2-E1-10-00B-3030-00001108,60,40,9,1.9
LS-THC-G1-2-E1-10-00B-3030-00001109,60,40,10,1.9
LS-THC-G1-2-E1-10-00B-3030-00001110,60,40,11,1.9
LS-THC-G1-2-E1-10-00B-3030-00001111,60,40,12,1.9
LS-THC-G1-2-E1-10-00B-3030-00001112,60,40,13,1.9
LS-THC-G1-2-E1-10-00B-3030-00001113,60,40,14,1.9
LS-THC-G1-2-E1-10-00B-3030-00001114,60,40,15,1.9
LS-THC-G1-2-E1-10-00B-3030-00001115,60,40,16,1.9
LS-THC-G1-2-E1-10-00B-3030-00001116,60,40,17,1.9
LS-THC-G1-2-E1-10-00B-3030-00001117,60,40,18,1.9
LS-THC-G1-2-E1-10-00B-3030-00001118,60,40,19,1.9
LS-THC-G1-2-E1-10-00B-3030-00001119,60,40,20,1.9
LS-THC-G1-2-E1-10-00B-3030-00001120,60,40,21,1.9
LS-THC-G1-2-E1-10-00B-3030-00001121,60,40,22,1.9
LS-THC-G1-2-E1-10-00B-3030-00001122,60,40,23,1.9
LS-THC-G1-2-E1-10-00B-3030-00001123,60,40,24,1.9
LS-THC-G1-2-E1-10-00B-3030-00001124,60,40,25,1.9
LS-THC-G1-2-E1-10-00B-3030-00001125,60,40,26,1.9
LS-THC-G1-2-E1-10-00B-3030-00001126,60,40,27,1.9
LS-THC-G1-2-E1-10-00B-3030-00001127,60,40,28,1.9
LS-THC-G1-2-E1-10-00B-3030-00001128,60,40,29,1.9
LS-THC-G1-2-E1-10-00B-3030-00001129,60,40,30,1.9
LS-THC-G1-2-E1-10-00B-3030-00001130,60,40,31,1.9
LS-THC-G1-2-E1-10-00B-3030-00001131,60,40,32,1.9
LS-THC-G1-2-E1-10-00B-3030-00001132,60,40,33,1.9
LS-THC-G1-2-E1-10-00B-3030-00001133,60,40,34,1.9
LS-THC-G1-2-E1-10-00B-3030-00001134,60,40,35,1.9
LS-THC-G1-2-E1-10-00B-3030-00001135,60,40,36,1.9
LS-THC-G1-2-E1-10-00B-3030-00001136,60,40,37,1.9
LS-THC-G1-2-E1-10-00B-3030-00001137,60,40,38,1.9
LS-THC-G1-2-E1-10-00B-3030-00001138,60,40,39,1.9
LS-THC-G1-2-E1-10-00B-3030-00001139,60,40,40,1.9
LS-THC-G1-2-E1-10-00B-3030-00001140,60,40,41,1.9
LS-THC-G1-2-E1-10-00B-3030-00001141,60,40,42,1.9
LS-THC-G1-2-E1-10-00B-3030-00001142,60,40,43,1.9
LS-THC-G1-2-E1-10-00B-3030-00001143,60,40,44,1.9
LS-THC-G1-2-E1-10-00B-3030-00001144,60,40,45,1.9
LS-THC-G1-2-E1-10-00B-3030-00001145,60,40,46,1.9
LS-THC-G1-2-E1-10-00B-3030-00001146,60,40,47,1.9
LS-THC-G1-2-E1-10-00B-3030-00001147,60,40,48,1.9
LS-THC-G1-2-E1-10-00B-3030-00001148,60,40,49,1.9
LS-THC-G1-2-E1-10-00B-3030-00001149,60,40,50,1.9
LS-THC-G1-2-E1-10-00B-3030-00001150,60,40,51,1.9
LS-THC-G1-2-E1-10-00B-3030-00001151,60,40,52,1.9
LS-THC-G1-2-E1-10-00B-3030-00001152,60,40,53,1.9
LS-THC-G1-2-E1-10-00B-3030-00001153,60,40,54,1.9
LS-THC-G1-2-E1-10-00B-3030-00001154,60,40,55,1.9
LS-THC-G1-2-E1-10-00B-3030-00001155,60,40,56,1.9
LS-THC-G1-2-E1-10-00B-3030-00001156,60,40,57,1.9
LS-THC-G1-2-E1-10-00B-3030-00001157,60,40,58,1.9
LS-THC-G1-2-E1-10-00B-3030-00001158,60,40,59,1.9
LS-THC-G1-2-E1-10-00B-3030-00001159,60,40,60,1.9
LS-THC-G1-2-E1-10-00B-3030-00001160,60,40,0,2
LS-THC-G1-2-E1-10-00B-3030-00001161,60,40,1,2
LS-THC-G1-2-E1-10-00B-3030-00001162,60,40,2,2
LS-THC-G1-2-E1-10-00B-3030-00001163,60,40,3,2
LS-THC-G1-2-E1-10-00B-3030-00001164,60,40,4,2
LS-THC-G1-2-E1-10-00B-3030-00001165,60,40,5,2
LS-THC-G1-2-E1-10-00B-3030-00001166,60,40,6,2
LS-THC-G1-2-E1-10-00B-3030-00001167,60,40,7,2
LS-THC-G1-2-E1-10-00B-3030-00001168,60,40,8,2
LS-THC-G1-2-E1-10-00B-3030-00001169,60,40,9,2
LS-THC-G1-2-E1-10-00B-3030-00001170,60,40,10,2
LS-THC-G1-2-E1-10-00B-3030-00001171,60,40,11,2
LS-THC-G1-2-E1-10-00B-3030-00001172,60,40,12,2
LS-THC-G1-2-E1-10-00B-3030-00001173,60,40,13,2
LS-THC-G1-2-E1-10-00B-3030-00001174,60,40,14,2
LS-THC-G1-2-E1-10-00B-3030-00001175,60,40,15,2
LS-THC-G1-2-E1-10-00B-3030-00001176,60,40,16,2
LS-THC-G1-2-E1-10-00B-3030-00001177,60,40,17,2
LS-THC-G1-2-E1-10-00B-3030-00001178,60,40,18,2
LS-THC-G1-2-E1-10-00B-3030-00001179,60,40,19,2
LS-THC-G1-2-E1-10-00B-3030-00001180,60,40,20,2
LS-THC-G1-2-E1-10-00B-3030-00001181,60,40,21,2
LS-THC-G1-2-E1-10-00B-3030-00001182,60,40,22,2
LS-THC-G1-2-E1-10-00B-3030-00001183,60,40,23,2
LS-THC-G1-2-E1-10-00B-3030-00001184,60,40,24,2
LS-THC-G1-2-E1-10-00B-3030-00001185,60,40,25,2
LS-THC-G1-2-E1-10-00B-3030-00001186,60,40,26,2
LS-THC-G1-2-E1-10-00B-3030-00001187,60,40,27,2
LS-THC-G1-2-E1-10-00B-3030-00001188,60,40,28,2
LS-THC-G1-2-E1-10-00B-3030-00001189,60,40,29,2
LS-THC-G1-2-E1-10-00B-3030-00001190,60,40,30,2
LS-THC-G1-2-E1-10-00B-3030-00001191,60,40,31,2
LS-THC-G1-2-E1-10-00B-3030-00001192,60,40,32,2
LS-THC-G1-2-E1-10-00B-3030-00001193,60,40,33,2
LS-THC-G1-2-E1-10-00B-3030-00001194,60,40,34,2
LS-THC-G1-2-E1-10-00B-3030-00001195,60,40,35,2
LS-THC-G1-2-E1-10-00B-3030-00001196,60,40,36,2
LS-THC-G1-2-E1-10-00B-3030-00001197,60,40,37,2
LS-THC-G1-2-E1-10-00B-3030-00001198,60,40,38,2
LS-THC-G1-2-E1-10-00B-3030-00001199,60,40,39,2
LS-THC-G1-2-E1-10-00B-3030-00001200,60,40,40,2
LS-THC-G1-2-E1-10-00B-3030-00001201,60,40,41,2
LS-THC-G1-2-E1-10-00B-3030-00001202,60,40,42,2
LS-THC-G1-2-E1-10-00B-3030-00001203,60,40,43,2
LS-THC-G1-2-E1-10-00B-3030-00001204,60,40,44,2
LS-THC-G1-2-E1-10-00B-3030-00001205,60,40,45,2
LS-THC-G1-2-E1-10-00B-3030-00001206,60,40,46,2
LS-THC-G1-2-E1-10-00B-3030-00001207,60,40,47,2
LS-THC-G1-2-E1-10-00B-3030-00001208,60,40,48,2
LS-THC-G1-2-E1-10-00B-3030-00001209,60,40,49,2
LS-THC-G1-2-E1-10-00B-3030-00001210,60,40,50,2
LS-THC-G1-2-E1-10-00B-3030-00001211,60,40,51,2
LS-THC-G1-2-E1-10-00B-3030-00001212,60,40,52,2
LS-THC-G1-2-E1-10-00B-3030-00001213,60,40,53,2
LS-THC-G1-2-E1-10-00B-3030-00001214,60,40,54,2
LS-THC-G1-2-E1-10-00B-3030-00001215,60,40,55,2
LS-THC-G1-2-E1-10-00B-3030-00001216,60,40,56,2
LS-THC-G1-2-E1-10-00B-3030-00001217,60,40,57,2
LS-THC-G1-2-E1-10-00B-3030-00001218,60,40,58,2
LS-THC-G1-2-E1-10-00B-3030-00001219,60,40,59,2
LS-THC-G1-2-E1-10-00B-3030-00001220,60,40,60,2
LS-THC-G1-2-E1-10-00B-3030-00001221,60,40,0,2.1
LS-THC-G1-2-E1-10-00B-3030-00001222,60,40,1,2.1
LS-THC-G1-2-E1-10-00B-3030-00001223,60,40,2,2.1
LS-THC-G1-2-E1-10-00B-3030-00001224,60,40,3,2.1
LS-THC-G1-2-E1-10-00B-3030-00001225,60,40,4,2.1
LS-THC-G1-2-E1-10-00B-3030-00001226,60,40,5,2.1
LS-THC-G1-2-E1-10-00B-3030-00001227,60,40,6,2.1
LS-THC-G1-2-E1-10-00B-3030-00001228,60,40,7,2.1
LS-THC-G1-2-E1-10-00B-3030-00001229,60,40,8,2.1
LS-THC-G1-2-E1-10-00B-3030-00001230,60,40,9,2.1
LS-THC-G1-2-E1-10-00B-3030-00001231,60,40,10,2.1
LS-THC-G1-2-E1-10-00B-3030-00001232,60,40,11,2.1
LS-THC-G1-2-E1-10-00B-3030-00001233,60,40,12,2.1
LS-THC-G1-2-E1-10-00B-3030-00001234,60,40,13,2.1
LS-THC-G1-2-E1-10-00B-3030-00001235,60,40,14,2.1
LS-THC-G1-2-E1-10-00B-3030-00001236,60,40,15,2.1
LS-THC-G1-2-E1-10-00B-3030-00001237,60,40,16,2.1
LS-THC-G1-2-E1-10-00B-3030-00001238,60,40,17,2.1
LS-THC-G1-2-E1-10-00B-3030-00001239,60,40,18,2.1
LS-THC-G1-2-E1-10-00B-3030-00001240,60,40,19,2.1
LS-THC-G1-2-E1-10-00B-3030-00001241,60,40,20,2.1
LS-THC-G1-2-E1-10-00B-3030-00001242,60,40,21,2.1
LS-THC-G1-2-E1-10-00B-3030-00001243,60,40,22,2.1
LS-THC-G1-2-E1-10-00B-3030-00001244,60,40,23,2.1
LS-THC-G1-2-E1-10-00B-3030-00001245,60,40,24,2.1
LS-THC-G1-2-E1-10-00B-3030-00001246,60,40,25,2.1
LS-THC-G1-2-E1-10-00B-3030-00001247,60,40,26,2.1
LS-THC-G1-2-E1-10-00B-3030-00001248,60,40,27,2.1
LS-THC-G1-2-E1-10-00B-3030-00001249,60,40,28,2.1
LS-THC-G1-2-E1-10-00B-3030-00001250,60,40,29,2.1
LS-THC-G1-2-E1-10-00B-3030-00001251,60,40,30,2.1
LS-THC-G1-2-E1-10-00B-3030-00001252,60,40,31,2.1
LS-THC-G1-2-E1-10-00B-3030-00001253,60,40,32,2.1
LS-THC-G1-2-E1-10-00B-3030-00001254,60,40,33,2.1
LS-THC-G1-2-E1-10-00B-3030-00001255,60,40,34,2.1
LS-THC-G1-2-E1-10-00B-3030-00001256,60,40,35,2.1
LS-THC-G1-2-E1-10-00B-3030-00001257,60,40,36,2.1
LS-THC-G1-2-E1-10-00B-3030-00001258,60,40,37,2.1
LS-THC-G1-2-E1-10-00B-3030-00001259,60,40,38,2.1
LS-THC-G1-2-E1-10-00B-3030-00001260,60,40,39,2.1
LS-THC-G1-2-E1-10-00B-3030-00001261,60,40,40,2.1
LS-THC-G1-2-E1-10-00B-3030-00001262,60,40,41,2.1
LS-THC-G1-2-E1-10-00B-3030-00001263,60,40,42,2.1
LS-THC-G1-2-E1-10-00B-3030-00001264,60,40,43,2.1
LS-THC-G1-2-E1-10-00B-3030-00001265,60,40,44,2.1
LS-THC-G1-2-E1-10-00B-3030-00001266,60,40,45,2.1
LS-THC-G1-2-E1-10-00B-3030-00001267,60,40,46,2.1
LS-THC-G1-2-E1-10-00B-3030-00001268,60,40,47,2.1
LS-THC-G1-2-E1-10-00B-3030-00001269,60,40,48,2.1
LS-THC-G1-2-E1-10-00B-3030-00001270,60,40,49,2.1
LS-THC-G1-2-E1-10-00B-3030-00001271,60,40,50,2.1
LS-THC-G1-2-E1-10-00B-3030-00001272,60,40,51,2.1
LS-THC-G1-2-E1-10-00B-3030-00001273,60,40,52,2.1
LS-THC-G1-2-E1-10-00B-3030-00001274,60,40,53,2.1
LS-THC-G1-2-E1-10-00B-3030-00001275,60,40,54,2.1
LS-THC-G1-2-E1-10-00B-3030-00001276,60,40,55,2.1
LS-THC-G1-2-E1-10-00B-3030-00001277,60,40,56,2.1
LS-THC-G1-2-E1-10-00B-3030-00001278,60,40,57,2.1
LS-THC-G1-2-E1-10-00B-3030-00001279,60,40,58,2.1
LS-THC-G1-2-E1-10-00B-3030-00001280,60,40,59,2.1
LS-THC-G1-2-E1-10-00B-3030-00001281,60,40,60,2.1
LS-THC-G1-2-E1-10-00B-3030-00001282,60,40,0,2.2
LS-THC-G1-2-E1-10-00B-3030-00001283,60,40,1,2.2
LS-THC-G1-2-E1-10-00B-3030-00001284,60,40,2,2.2
LS-THC-G1-2-E1-10-00B-3030-00001285,60,40,3,2.2
LS-THC-G1-2-E1-10-00B-3030-00001286,60,40,4,2.2
LS-THC-G1-2-E1-10-00B-3030-00001287,60,40,5,2.2
LS-THC-G1-2-E1-10-00B-3030-00001288,60,40,6,2.2
LS-THC-G1-2-E1-10-00B-3030-00001289,60,40,7,2.2
LS-THC-G1-2-E1-10-00B-3030-00001290,60,40,8,2.2
LS-THC-G1-2-E1-10-00B-3030-00001291,60,40,9,2.2
LS-THC-G1-2-E1-10-00B-3030-00001292,60,40,10,2.2
LS-THC-G1-2-E1-10-00B-3030-00001293,60,40,11,2.2
LS-THC-G1-2-E1-10-00B-3030-00001294,60,40,12,2.2
LS-THC-G1-2-E1-10-00B-3030-00001295,60,40,13,2.2
LS-THC-G1-2-E1-10-00B-3030-00001296,60,40,14,2.2
LS-THC-G1-2-E1-10-00B-3030-00001297,60,40,15,2.2
LS-THC-G1-2-E1-10-00B-3030-00001298,60,40,16,2.2
LS-THC-G1-2-E1-10-00B-3030-00001299,60,40,17,2.2
LS-THC-G1-2-E1-10-00B-3030-00001300,60,40,18,2.2
LS-THC-G1-2-E1-10-00B-3030-00001301,60,40,19,2.2
LS-THC-G1-2-E1-10-00B-3030-00001302,60,40,20,2.2
LS-THC-G1-2-E1-10-00B-3030-00001303,60,40,21,2.2
LS-THC-G1-2-E1-10-00B-3030-00001304,60,40,22,2.2
LS-THC-G1-2-E1-10-00B-3030-00001305,60,40,23,2.2
LS-THC-G1-2-E1-10-00B-3030-00001306,60,40,24,2.2
LS-THC-G1-2-E1-10-00B-3030-00001307,60,40,25,2.2
LS-THC-G1-2-E1-10-00B-3030-00001308,60,40,26,2.2
LS-THC-G1-2-E1-10-00B-3030-00001309,60,40,27,2.2
LS-THC-G1-2-E1-10-00B-3030-00001310,60,40,28,2.2
LS-THC-G1-2-E1-10-00B-3030-00001311,60,40,29,2.2
LS-THC-G1-2-E1-10-00B-3030-00001312,60,40,30,2.2
LS-THC-G1-2-E1-10-00B-3030-00001313,60,40,31,2.2
LS-THC-G1-2-E1-10-00B-3030-00001314,60,40,32,2.2
LS-THC-G1-2-E1-10-00B-3030-00001315,60,40,33,2.2
LS-THC-G1-2-E1-10-00B-3030-00001316,60,40,34,2.2
LS-THC-G1-2-E1-10-00B-3030-00001317,60,40,35,2.2
LS-THC-G1-2-E1-10-00B-3030-00001318,60,40,36,2.2
LS-THC-G1-2-E1-10-00B-3030-00001319,60,40,37,2.2
LS-THC-G1-2-E1-10-00B-3030-00001320,60,40,38,2.2
LS-THC-G1-2-E1-10-00B-3030-00001321,60,40,39,2.2
LS-THC-G1-2-E1-10-00B-3030-00001322,60,40,40,2.2
LS-THC-G1-2-E1-10-00B-3030-00001323,60,40,41,2.2
LS-THC-G1-2-E1-10-00B-3030-00001324,60,40,42,2.2
LS-THC-G1-2-E1-10-00B-3030-00001325,60,40,43,2.2
LS-THC-G1-2-E1-10-00B-3030-00001326,60,40,44,2.2
LS-THC-G1-2-E1-10-00B-3030-00001327,60,40,45,2.2
LS-THC-G1-2-E1-10-00B-3030-00001328,60,40,46,2.2
LS-THC-G1-2-E1-10-00B-3030-00001329,60,40,47,2.2
LS-THC-G1-2-E1-10-00B-3030-00001330,60,40,48,2.2
LS-THC-G1-2-E1-10-00B-3030-00001331,60,40,49,2.2
LS-THC-G1-2-E1-10-00B-3030-00001332,60,40,50,2.2
LS-THC-G1-2-E1-10-00B-3030-00001333,60,40,51,2.2
LS-THC-G1-2-E1-10-00B-3030-00001334,60,40,52,2.2
LS-THC-G1-2-E1-10-00B-3030-00001335,60,40,53,2.2
LS-THC-G1-2-E1-10-00B-3030-00001336,60,40,54,2.2
LS-THC-G1-2-E1-10-00B-3030-00001337,60,40,55,2.2
LS-THC-G1-2-E1-10-00B-3030-00001338,60,40,56,2.2
LS-THC-G1-2-E1-10-00B-3030-00001339,60,40,57,2.2
LS-THC-G1-2-E1-10-00B-3030-00001340,60,40,58,2.2
LS-THC-G1-2-E1-10-00B-3030-00001341,60,40,59,2.2
LS-THC-G1-2-E1-10-00B-3030-00001342,60,40,60,2.2
LS-THC-G1-2-E1-10-00B-3030-00001343,60,40,0,2.3
LS-THC-G1-2-E1-10-00B-3030-00001344,60,40,1,2.3
LS-THC-G1-2-E1-10-00B-3030-00001345,60,40,2,2.3
LS-THC-G1-2-E1-10-00B-3030-00001346,60,40,3,2.3
LS-THC-G1-2-E1-10-00B-3030-00001347,60,40,4,2.3
LS-THC-G1-2-E1-10-00B-3030-00001348,60,40,5,2.3
LS-THC-G1-2-E1-10-00B-3030-00001349,60,40,6,2.3
LS-THC-G1-2-E1-10-00B-3030-00001350,60,40,7,2.3
LS-THC-G1-2-E1-10-00B-3030-00001351,60,40,8,2.3
LS-THC-G1-2-E1-10-00B-3030-00001352,60,40,9,2.3
LS-THC-G1-2-E1-10-00B-3030-00001353,60,40,10,2.3
LS-THC-G1-2-E1-10-00B-3030-00001354,60,40,11,2.3
LS-THC-G1-2-E1-10-00B-3030-00001355,60,40,12,2.3
LS-THC-G1-2-E1-10-00B-3030-00001356,60,40,13,2.3
LS-THC-G1-2-E1-10-00B-3030-00001357,60,40,14,2.3
LS-THC-G1-2-E1-10-00B-3030-00001358,60,40,15,2.3
LS-THC-G1-2-E1-10-00B-3030-00001359,60,40,16,2.3
LS-THC-G1-2-E1-10-00B-3030-00001360,60,40,17,2.3
LS-THC-G1-2-E1-10-00B-3030-00001361,60,40,18,2.3
LS-THC-G1-2-E1-10-00B-3030-00001362,60,40,19,2.3
LS-THC-G1-2-E1-10-00B-3030-00001363,60,40,20,2.3
LS-THC-G1-2-E1-10-00B-3030-00001364,60,40,21,2.3
LS-THC-G1-2-E1-10-00B-3030-00001365,60,40,22,2.3
LS-THC-G1-2-E1-10-00B-3030-00001366,60,40,23,2.3
LS-THC-G1-2-E1-10-00B-3030-00001367,60,40,24,2.3
LS-THC-G1-2-E1-10-00B-3030-00001368,60,40,25,2.3
LS-THC-G1-2-E1-10-00B-3030-00001369,60,40,26,2.3
LS-THC-G1-2-E1-10-00B-3030-00001370,60,40,27,2.3
LS-THC-G1-2-E1-10-00B-3030-00001371,60,40,28,2.3
LS-THC-G1-2-E1-10-00B-3030-00001372,60,40,29,2.3
LS-THC-G1-2-E1-10-00B-3030-00001373,60,40,30,2.3
LS-THC-G1-2-E1-10-00B-3030-00001374,60,40,31,2.3
LS-THC-G1-2-E1-10-00B-3030-00001375,60,40,32,2.3
LS-THC-G1-2-E1-10-00B-3030-00001376,60,40,33,2.3
LS-THC-G1-2-E1-10-00B-3030-00001377,60,40,34,2.3
LS-THC-G1-2-E1-10-00B-3030-00001378,60,40,35,2.3
LS-THC-G1-2-E1-10-00B-3030-00001379,60,40,36,2.3
LS-THC-G1-2-E1-10-00B-3030-00001380,60,40,37,2.3
LS-THC-G1-2-E1-10-00B-3030-00001381,60,40,38,2.3
LS-THC-G1-2-E1-10-00B-3030-00001382,60,40,39,2.3
LS-THC-G1-2-E1-10-00B-3030-00001383,60,40,40,2.3
LS-THC-G1-2-E1-10-00B-3030-00001384,60,40,41,2.3
LS-THC-G1-2-E1-10-00B-3030-00001385,60,40,42,2.3
LS-THC-G1-2-E1-10-00B-3030-00001386,60,40,43,2.3
LS-THC-G1-2-E1-10-00B-3030-00001387,60,40,44,2.3
LS-THC-G1-2-E1-10-00B-3030-00001388,60,40,45,2.3
LS-THC-G1-2-E1-10-00B-3030-00001389,60,40,46,2.3
LS-THC-G1-2-E1-10-00B-3030-00001390,60,40,47,2.3
LS-THC-G1-2-E1-10-00B-3030-00001391,60,40,48,2.3
LS-THC-G1-2-E1-10-00B-3030-00001392,60,40,49,2.3
LS-THC-G1-2-E1-10-00B-3030-00001393,60,40,50,2.3
LS-THC-G1-2-E1-10-00B-3030-00001394,60,40,51,2.3
LS-THC-G1-2-E1-10-00B-3030-00001395,60,40,52,2.3
LS-THC-G1-2-E1-10-00B-3030-00001396,60,40,53,2.3
LS-THC-G1-2-E1-10-00B-3030-00001397,60,40,54,2.3
LS-THC-G1-2-E1-10-00B-3030-00001398,60,40,55,2.3
LS-THC-G1-2-E1-10-00B-3030-00001399,60,40,56,2.3
LS-THC-G1-2-E1-10-00B-3030-00001400,60,40,57,2.3
LS-THC-G1-2-E1-10-00B-3030-00001401,60,40,58,2.3
LS-THC-G1-2-E1-10-00B-3030-00001402,60,40,59,2.3
LS-THC-G1-2-E1-10-00B-3030-00001403,60,40,60,2.3
LS-THC-G1-2-E1-10-00B-3030-00001404,60,40,0,2.4
LS-THC-G1-2-E1-10-00B-3030-00001405,60,40,1,2.4
LS-THC-G1-2-E1-10-00B-3030-00001406,60,40,2,2.4
LS-THC-G1-2-E1-10-00B-3030-00001407,60,40,3,2.4
LS-THC-G1-2-E1-10-00B-3030-00001408,60,40,4,2.4
LS-THC-G1-2-E1-10-00B-3030-00001409,60,40,5,2.4
LS-THC-G1-2-E1-10-00B-3030-00001410,60,40,6,2.4
LS-THC-G1-2-E1-10-00B-3030-00001411,60,40,7,2.4
LS-THC-G1-2-E1-10-00B-3030-00001412,60,40,8,2.4
LS-THC-G1-2-E1-10-00B-3030-00001413,60,40,9,2.4
LS-THC-G1-2-E1-10-00B-3030-00001414,60,40,10,2.4
LS-THC-G1-2-E1-10-00B-3030-00001415,60,40,11,2.4
LS-THC-G1-2-E1-10-00B-3030-00001416,60,40,12,2.4
LS-THC-G1-2-E1-10-00B-3030-00001417,60,40,13,2.4
LS-THC-G1-2-E1-10-00B-3030-00001418,60,40,14,2.4
LS-THC-G1-2-E1-10-00B-3030-00001419,60,40,15,2.4
LS-THC-G1-2-E1-10-00B-3030-00001420,60,40,16,2.4
LS-THC-G1-2-E1-10-00B-3030-00001421,60,40,17,2.4
LS-THC-G1-2-E1-10-00B-3030-00001422,60,40,18,2.4
LS-THC-G1-2-E1-10-00B-3030-00001423,60,40,19,2.4
LS-THC-G1-2-E1-10-00B-3030-00001424,60,40,20,2.4
LS-THC-G1-2-E1-10-00B-3030-00001425,60,40,21,2.4
LS-THC-G1-2-E1-10-00B-3030-00001426,60,40,22,2.4
LS-THC-G1-2-E1-10-00B-3030-00001427,60,40,23,2.4
LS-THC-G1-2-E1-10-00B-3030-00001428,60,40,24,2.4
LS-THC-G1-2-E1-10-00B-3030-00001429,60,40,25,2.4
LS-THC-G1-2-E1-10-00B-3030-00001430,60,40,26,2.4
LS-THC-G1-2-E1-10-00B-3030-00001431,60,40,27,2.4
LS-THC-G1-2-E1-10-00B-3030-00001432,60,40,28,2.4
LS-THC-G1-2-E1-10-00B-3030-00001433,60,40,29,2.4
LS-THC-G1-2-E1-10-00B-3030-00001434,60,40,30,2.4
LS-THC-G1-2-E1-10-00B-3030-00001435,60,40,31,2.4
LS-THC-G1-2-E1-10-00B-3030-00001436,60,40,32,2.4
LS-THC-G1-2-E1-10-00B-3030-00001437,60,40,33,2.4
LS-THC-G1-2-E1-10-00B-3030-00001438,60,40,34,2.4
LS-THC-G1-2-E1-10-00B-3030-00001439,60,40,35,2.4
LS-THC-G1-2-E1-10-00B-3030-00001440,60,40,36,2.4
LS-THC-G1-2-E1-10-00B-3030-00001441,60,40,37,2.4
LS-THC-G1-2-E1-10-00B-3030-00001442,60,40,38,2.4
LS-THC-G1-2-E1-10-00B-3030-00001443,60,40,39,2.4
LS-THC-G1-2-E1-10-00B-3030-00001444,60,40,40,2.4
LS-THC-G1-2-E1-10-00B-3030-00001445,60,40,41,2.4
LS-THC-G1-2-E1-10-00B-3030-00001446,60,40,42,2.4
LS-THC-G1-2-E1-10-00B-3030-00001447,60,40,43,2.4
LS-THC-G1-2-E1-10-00B-3030-00001448,60,40,44,2.4
LS-THC-G1-2-E1-10-00B-3030-00001449,60,40,45,2.4
LS-THC-G1-2-E1-10-00B-3030-00001450,60,40,46,2.4
LS-THC-G1-2-E1-10-00B-3030-00001451,60,40,47,2.4
LS-THC-G1-2-E1-10-00B-3030-00001452,60,40,48,2.4
LS-THC-G1-2-E1-10-00B-3030-00001453,60,40,49,2.4
LS-THC-G1-2-E1-10-00B-3030-00001454,60,40,50,2.4
LS-THC-G1-2-E1-10-00B-3030-00001455,60,40,51,2.4
LS-THC-G1-2-E1-10-00B-3030-00001456,60,40,52,2.4
LS-THC-G1-2-E1-10-00B-3030-00001457,60,40,53,2.4
LS-THC-G1-2-E1-10-00B-3030-00001458,60,40,54,2.4
LS-THC-G1-2-E1-10-00B-3030-00001459,60,40,55,2.4
LS-THC-G1-2-E1-10-00B-3030-00001460,60,40,56,2.4
LS-THC-G1-2-E1-10-00B-3030-00001461,60,40,57,2.4
LS-THC-G1-2-E1-10-00B-3030-00001462,60,40,58,2.4
LS-THC-G1-2-E1-10-00B-3030-00001463,60,40,59,2.4
LS-THC-G1-2-E1-10-00B-3030-00001464,60,40,60,2.4
LS-THC-G1-2-E1-10-00B-3030-00001465,60,40,0,2.5
LS-THC-G1-2-E1-10-00B-3030-00001466,60,40,1,2.5
LS-THC-G1-2-E1-10-00B-3030-00001467,60,40,2,2.5
LS-THC-G1-2-E1-10-00B-3030-00001468,60,40,3,2.5
LS-THC-G1-2-E1-10-00B-3030-00001469,60,40,4,2.5
LS-THC-G1-2-E1-10-00B-3030-00001470,60,40,5,2.5
LS-THC-G1-2-E1-10-00B-3030-00001471,60,40,6,2.5
LS-THC-G1-2-E1-10-00B-3030-00001472,60,40,7,2.5
LS-THC-G1-2-E1-10-00B-3030-00001473,60,40,8,2.5
LS-THC-G1-2-E1-10-00B-3030-00001474,60,40,9,2.5
LS-THC-G1-2-E1-10-00B-3030-00001475,60,40,10,2.5
LS-THC-G1-2-E1-10-00B-3030-00001476,60,40,11,2.5
LS-THC-G1-2-E1-10-00B-3030-00001477,60,40,12,2.5
LS-THC-G1-2-E1-10-00B-3030-00001478,60,40,13,2.5
LS-THC-G1-2-E1-10-00B-3030-00001479,60,40,14,2.5
LS-THC-G1-2-E1-10-00B-3030-00001480,60,40,15,2.5
LS-THC-G1-2-E1-10-00B-3030-00001481,60,40,16,2.5
LS-THC-G1-2-E1-10-00B-3030-00001482,60,40,17,2.5
LS-THC-G1-2-E1-10-00B-3030-00001483,60,40,18,2.5
LS-THC-G1-2-E1-10-00B-3030-00001484,60,40,19,2.5
LS-THC-G1-2-E1-10-00B-3030-00001485,60,40,20,2.5
LS-THC-G1-2-E1-10-00B-3030-00001486,60,40,21,2.5
LS-THC-G1-2-E1-10-00B-3030-00001487,60,40,22,2.5
LS-THC-G1-2-E1-10-00B-3030-00001488,60,40,23,2.5
LS-THC-G1-2-E1-10-00B-3030-00001489,60,40,24,2.5
LS-THC-G1-2-E1-10-00B-3030-00001490,60,40,25,2.5
LS-THC-G1-2-E1-10-00B-3030-00001491,60,40,26,2.5
LS-THC-G1-2-E1-10-00B-3030-00001492,60,40,27,2.5
LS-THC-G1-2-E1-10-00B-3030-00001493,60,40,28,2.5
LS-THC-G1-2-E1-10-00B-3030-00001494,60,40,29,2.5
LS-THC-G1-2-E1-10-00B-3030-00001495,60,40,30,2.5
LS-THC-G1-2-E1-10-00B-3030-00001496,60,40,31,2.5
LS-THC-G1-2-E1-10-00B-3030-00001497,60,40,32,2.5
LS-THC-G1-2-E1-10-00B-3030-00001498,60,40,33,2.5
LS-THC-G1-2-E1-10-00B-3030-00001499,60,40,34,2.5
LS-THC-G1-2-E1-10-00B-3030-00001500,60,40,35,2.5
LS-THC-G1-2-E1-10-00B-3030-00001501,60,40,36,2.5
LS-THC-G1-2-E1-10-00B-3030-00001502,60,40,37,2.5
LS-THC-G1-2-E1-10-00B-3030-00001503,60,40,38,2.5
LS-THC-G1-2-E1-10-00B-3030-00001504,60,40,39,2.5
LS-THC-G1-2-E1-10-00B-3030-00001505,60,40,40,2.5
LS-THC-G1-2-E1-10-00B-3030-00001506,60,40,41,2.5
LS-THC-G1-2-E1-10-00B-3030-00001507,60,40,42,2.5
LS-THC-G1-2-E1-10-00B-3030-00001508,60,40,43,2.5
LS-THC-G1-2-E1-10-00B-3030-00001509,60,40,44,2.5
LS-THC-G1-2-E1-10-00B-3030-00001510,60,40,45,2.5
LS-THC-G1-2-E1-10-00B-3030-00001511,60,40,46,2.5
LS-THC-G1-2-E1-10-00B-3030-00001512,60,40,47,2.5
LS-THC-G1-2-E1-10-00B-3030-00001513,60,40,48,2.5
LS-THC-G1-2-E1-10-00B-3030-00001514,60,40,49,2.5
LS-THC-G1-2-E1-10-00B-3030-00001515,60,40,50,2.5
LS-THC-G1-2-E1-10-00B-3030-00001516,60,40,51,2.5
LS-THC-G1-2-E1-10-00B-3030-00001517,60,40,52,2.5
LS-THC-G1-2-E1-10-00B-3030-00001518,60,40,53,2.5
LS-THC-G1-2-E1-10-00B-3030-00001519,60,40,54,2.5
LS-THC-G1-2-E1-10-00B-3030-00001520,60,40,55,2.5
LS-THC-G1-2-E1-10-00B-3030-00001521,60,40,56,2.5
LS-THC-G1-2-E1-10-00B-3030-00001522,60,40,57,2.5
LS-THC-G1-2-E1-10-00B-3030-00001523,60,40,58,2.5
LS-THC-G1-2-E1-10-00B-3030-00001524,60,40,59,2.5
LS-THC-G1-2-E1-10-00B-3030-00001525,60,40,60,2.5
